100015,all,16
100060,all,1
100126,all,33
100267,all,0
100840,all,12
101615,all,1855
101896,all,1
102094,all,18
102362,all,258
102476,all,178
102478,all,15
102811,all,26
102955,all,1359
103184,all,155
103198,all,10
10325,all,29
103261,all,9
103267,all,498
103330,all,195
103390,all,40
103580,all,407
103675,all,17
103855,all,13
104536,all,3
104764,all,24
104776,all,3
104800,all,34
104848,all,8
104890,all,1
105301,all,752
105436,all,43
105562,all,3
105613,all,1
105784,all,18
105802,all,1
105865,all,284
105932,all,100
106057,all,2
106249,all,3
106363,all,195
106634,all,330
106702,all,16
106714,all,0
107245,all,23
107446,all,830
107567,all,469
107578,all,150
107596,all,3
108124,all,12
108265,all,8
108475,all,4
108874,all,6
108958,all,46
109129,all,110
109213,all,0
10931,all,301
109336,all,1
109387,all,9
109390,all,17
10943,all,5
10949,all,14
109532,all,138
109771,all,116
10991,all,0
109945,all,181
110617,all,1
11068,all,521
110680,all,0
110906,all,291
111017,all,47
11108,all,1494
111401,all,188
111406,all,27
111931,all,2
111949,all,3
111964,all,25
112381,all,3
112540,all,6
11255,all,663
112600,all,3
112729,all,5
113035,all,0
113161,all,9
113209,all,1
113242,all,13
113275,all,10
113293,all,873
113308,all,9
113389,all,39
113404,all,0
113465,all,4252
113881,all,1
113929,all,316
114172,all,6
114176,all,5
11447,all,6
114472,all,1
114538,all,6
114811,all,23
115207,all,60
11534,all,1
115453,all,22
116248,all,18
116314,all,8
116389,all,4709
116749,all,14
116764,all,29
116809,all,31
116878,all,4
117691,all,138
117850,all,1
118234,all,0
118249,all,4
118750,all,33
118792,all,16
119041,all,303
119098,all,2
11921,all,221
119563,all,5
119596,all,3
11987,all,13
120088,all,14
120238,all,0
120271,all,77
120286,all,77
120307,all,178
120347,all,485
120397,all,55
120586,all,35
120607,all,26
120685,all,22
120697,all,180
121016,all,0
121033,all,373
12104,all,4
121081,all,1320
121195,all,46
121232,all,381
121417,all,8
121450,all,793
121597,all,4
121630,all,39
122044,all,261
122173,all,7
12223,all,0
122476,all,1
122488,all,1
122509,all,7
123017,all,848
123166,all,1
123499,all,8
123571,all,4528
123628,all,59
123871,all,14
123928,all,50
124111,all,35
124666,all,14
124837,all,81
12485,all,17
124906,all,8
125563,all,29
125581,all,9
125899,all,1
125935,all,12
126046,all,0
126058,all,6
126061,all,2
126175,all,3
12659,all,73
127018,all,35
127081,all,16
127162,all,1
127534,all,2
127693,all,45
127807,all,58
127870,all,3
128284,all,0
128749,all,15
12905,all,40
129166,all,3
129257,all,285
12940,all,299
129499,all,3
13013,all,5
130168,all,5
130318,all,4
130330,all,8
13037,all,1
130397,all,210
130408,all,135
13049,all,17
13064,all,308
130696,all,0
130699,all,7
130733,all,79
130780,all,309
13085,all,26
13112,all,212
131379,all,161
131442,all,2
131448,all,10
131451,all,8
131676,all,4
131742,all,20
131835,all,6
131934,all,0
132051,all,16
132465,all,12
132539,all,368
132570,all,77
13282,all,471
132849,all,93
133659,all,1
133962,all,78
133980,all,183
134336,all,556
134391,all,2
134469,all,69
134676,all,0
135033,all,59
135072,all,26
135090,all,2
135153,all,3
135273,all,46
135477,all,85
135831,all,9
135921,all,70
135963,all,10
136017,all,7
136034,all,91
136668,all,21
136692,all,4
136722,all,13
136956,all,24
137136,all,228
137175,all,11
137244,all,13
137592,all,17
137622,all,0
137649,all,1643
138006,all,93
138576,all,0
138606,all,443
138645,all,1
138840,all,0
139254,all,1
139614,all,0
139959,all,27
140181,all,6
140250,all,6
140438,all,159
140661,all,0
140793,all,7
140862,all,11
141207,all,48
141369,all,15
141395,all,428
141885,all,17
14207,all,30
142104,all,143
142418,all,189
142422,all,17
142614,all,33
142680,all,20
142683,all,20
142782,all,63
142842,all,18
14291,all,1
143003,all,1395
143196,all,23
14321,all,52
143514,all,9
143583,all,65
143867,all,98
14393,all,145
14399,all,0
144273,all,18
144420,all,58
144540,all,19
144561,all,0
14471,all,21
144954,all,0
145050,all,28
145137,all,20
145269,all,3
145284,all,4514
145308,all,14
145968,all,24
146001,all,0
146043,all,14
146070,all,2
14663,all,2281
146679,all,0
146967,all,410
147132,all,210
14714,all,569
147153,all,16
147185,all,1083
147186,all,86
147255,all,2
147390,all,32
147420,all,185
147669,all,75
147699,all,8
147705,all,0
148053,all,15
148112,all,109
148119,all,8
148193,all,289
148272,all,31
148275,all,127
148569,all,81
148668,all,310
14920,all,104
149304,all,34
149340,all,2
149364,all,19
149598,all,130
14960,all,344
149712,all,12
149832,all,2623
149943,all,1
149961,all,1615
150003,all,54
150087,all,43
150126,all,375
150360,all,185
150453,all,0
150483,all,44
150516,all,3
150528,all,519
150585,all,37
150834,all,35
150905,all,105
151025,all,315
151251,all,3
151326,all,93
151374,all,89
151536,all,39
15170,all,42
151739,all,592
151776,all,4369
15191,all,186
15200,all,6
152331,all,96
152439,all,3
15257,all,0
152772,all,91
152784,all,245
152787,all,10
152949,all,0
153591,all,7
154002,all,93
154038,all,2
15413,all,2
154203,all,9
154386,all,1
154641,all,168
154800,all,0
154815,all,15
154908,all,2079
154911,all,26
155418,all,1
155478,all,29
155708,all,429
15584,all,52
156560,all,199
156561,all,0
156659,all,252
156660,all,61
156696,all,1
156702,all,8
157848,all,73
158171,all,146
158387,all,179
158388,all,59
159354,all,5
159483,all,0
160181,all,247
16043,all,0
160626,all,28
16109,all,2
161205,all,10
161238,all,344
161340,all,12
161378,all,2383
161556,all,0
161685,all,7
161850,all,27
162006,all,47
162171,all,0
16235,all,0
16241,all,169
162744,all,45
162833,all,80
162840,all,8
162875,all,379
162900,all,25
162939,all,67
163074,all,38
163088,all,75
163290,all,10
164240,all,63
164286,all,2068
16434,all,0
164346,all,583
164403,all,17
164406,all,32
164436,all,69
164484,all,135
164535,all,1
164631,all,26
164666,all,1030
164703,all,13
165345,all,176
165969,all,11
165981,all,460
166068,all,1
166167,all,11
16632,all,175
166581,all,22
16659,all,97
166800,all,6
166875,all,54
166938,all,8
167001,all,18
167265,all,1814
167289,all,25
167349,all,134
167376,all,0
167391,all,9
167715,all,640
167931,all,3
168348,all,306
16926,all,9
17199,all,2
17358,all,2
17392,all,68
17523,all,0
17574,all,4
17610,all,3
1765,all,206
17667,all,4
17731,all,19
17754,all,23
17946,all,1
18030,all,0
18063,all,22
18435,all,13
18958,all,635
19170,all,11
1967,all,998
197,all,193
19869,all,522
19914,all,2
19962,all,9
19966,all,88
20088,all,154
20166,all,101
20499,all,8
21399,all,637
21570,all,8
22108,all,197
22282,all,294
22338,all,28
22344,all,673
2274,all,6
22938,all,27
23160,all,31
23571,all,12
23671,all,166
23692,all,458
23799,all,6
24018,all,2
24174,all,430
24183,all,19
24198,all,0
24222,all,33
24264,all,38
24366,all,11
24378,all,21
24528,all,148
24615,all,101
24679,all,763
24867,all,0
25455,all,0
25839,all,111
25986,all,9
25995,all,20
26079,all,6
26115,all,3
26290,all,250
26307,all,48
26427,all,12
26562,all,0
26622,all,37
26655,all,0
26667,all,71
26679,all,73
27195,all,262
27462,all,14
28026,all,0
28056,all,219
28086,all,56
28111,all,436
28113,all,97
28174,all,148
28810,all,482
28881,all,87
28887,all,56
29262,all,195
29271,all,212
29542,all,1101
29631,all,3
29751,all,35
29775,all,34
300,all,14
30087,all,6
30174,all,203
3024,all,10
30378,all,3
30442,all,92
30444,all,15
30486,all,275
30513,all,262
30567,all,833
30574,all,51
30654,all,26
30915,all,7
30918,all,73
30927,all,92
30940,all,231
30951,all,4
31026,all,0
31275,all,8
31299,all,67
31344,all,44
31491,all,29
31683,all,50
31713,all,815
31938,all,1
32019,all,0
32340,all,7
32439,all,8
32484,all,144
32715,all,1
32754,all,15
32782,all,15
3279,all,364
32869,all,0
33037,all,29
33133,all,4
33166,all,42
33172,all,18
33388,all,3
33796,all,30
33982,all,267
34047,all,127
34078,all,22
34108,all,6
34270,all,598
3435,all,1668
34774,all,0
34894,all,3
35134,all,24
35299,all,778
35700,all,301
35740,all,2
35788,all,271
35911,all,4
36046,all,125
36223,all,0
36379,all,1658
3654,all,0
36565,all,57
36589,all,5
36844,all,0
36879,all,172
37060,all,266
37645,all,1049
38095,all,22
38158,all,9
38182,all,16
38197,all,32
38341,all,58
38581,all,4
38638,all,0
38647,all,1
38695,all,5
38716,all,19
38758,all,15
38797,all,4
38830,all,7
38836,all,41
39133,all,30
39190,all,0
39412,all,133
39436,all,6
39709,all,2
39718,all,834
39783,all,85
39796,all,0
40173,all,62
40198,all,16
40207,all,91
40255,all,0
40438,all,9
4044,all,86
40693,all,10
41158,all,7
41590,all,119
41655,all,2662
41860,all,33
41869,all,1
41884,all,3
42004,all,2
42093,all,218
42301,all,217
42355,all,594
42391,all,9
42652,all,5
42829,all,32
42853,all,4
42883,all,88
43162,all,386
43429,all,10
43918,all,39
44580,all,120
44815,all,0
45190,all,140
45223,all,11
45247,all,67
45268,all,29
46147,all,103
46708,all,196
46750,all,2
46933,all,43
46942,all,29
46948,all,4
47134,all,6
47151,all,828
47206,all,75
47230,all,2
47335,all,71
47340,all,48
47557,all,463
47605,all,8
47623,all,47
47662,all,47
48025,all,1692
48262,all,2678
48277,all,11
48352,all,169
48919,all,22
49540,all,40
49573,all,1166
49612,all,17
49732,all,3
49885,all,25
50374,all,28
50389,all,41
50470,all,1
50485,all,38
50887,all,6675
51007,all,2
51262,all,74
51316,all,5
51346,all,729
5141,all,96
51412,all,7
5219,all,165
52372,all,7
52381,all,95
52564,all,43
52645,all,1
52678,all,40
52711,all,79
5303,all,107
53110,all,7
53116,all,14
53140,all,1
53350,all,25
53446,all,39
535,all,91
53830,all,3
54388,all,270
54469,all,1
54511,all,0
54661,all,7
54688,all,14
54717,all,338
54732,all,0
54781,all,32
54790,all,15
54886,all,6
55159,all,25
5519,all,101
55303,all,1216
55318,all,7
55591,all,11
55608,all,123
55750,all,37
55948,all,0
55957,all,80
55966,all,265
55981,all,5
55996,all,1
56212,all,17
56647,all,16
56764,all,0
56797,all,0
56806,all,21
56821,all,3
56845,all,2
57079,all,1
57268,all,7
57271,all,1
57274,all,334
57316,all,17
57493,all,4
57886,all,390
57943,all,13
57997,all,36
58119,all,4504
58366,all,2
58372,all,0
58399,all,139
58444,all,7
58462,all,44
585,all,65
58552,all,1953
58630,all,22
58959,all,532
59311,all,7
5949,all,1209
59548,all,0
59590,all,8
59596,all,908
59740,all,3
60061,all,2
60096,all,45
60109,all,88
60133,all,24
60163,all,98
60358,all,0
60364,all,13
60382,all,3
60391,all,10
60604,all,12
61102,all,8
61143,all,270
61285,all,378
61294,all,7
61390,all,35
61540,all,7
61558,all,2
61561,all,842
61695,all,83
62127,all,79
62431,all,424
62479,all,4
62502,all,108
62623,all,6
62940,all,106
62964,all,892
63408,all,201
63547,all,80
63589,all,4
63652,all,56
63670,all,3
63718,all,12
63922,all,74
64381,all,0
64477,all,7
64768,all,0
64948,all,2
65023,all,1
65236,all,4
65271,all,374
65476,all,8
65479,all,47
65494,all,12
65517,all,66
65551,all,140
65560,all,0
65567,all,74
65578,all,0
65593,all,0
65713,all,179
6572,all,12
65836,all,3
66220,all,26
66811,all,27
67435,all,144
67936,all,16
68077,all,20
68377,all,172
68440,all,517
68795,all,2251
69106,all,246
69115,all,0
6939,all,370
70012,all,1
70120,all,2
70270,all,1
70444,all,2
70474,all,0
70490,all,3391
70522,all,3
70588,all,26
70600,all,0
70810,all,10
71005,all,104
71152,all,91
71275,all,0
71356,all,33
71389,all,2
71449,all,7
71933,all,565
71947,all,16
72136,all,39
72667,all,6
727,all,1718
72952,all,8
73342,all,4
73432,all,12
73531,all,39
73768,all,484
74215,all,1397
74479,all,255
74794,all,0
75388,all,93
75706,all,6
75742,all,21
75871,all,519
75949,all,7
76231,all,92
76240,all,228
77017,all,1
7716,all,125
77161,all,0
77290,all,32
77314,all,218
77360,all,321
77419,all,23
78286,all,2
78346,all,894
78349,all,5
78365,all,0
78472,all,1
78476,all,575
78541,all,18
78958,all,2
79018,all,67
79066,all,27
79132,all,18
79192,all,54
79276,all,1
79531,all,32
79645,all,9
79996,all,24
80062,all,175
80078,all,66
80251,all,2
80528,all,182
80575,all,2
80611,all,483
80665,all,26
80701,all,12
81034,all,3
81145,all,6
81196,all,3
81229,all,2
81244,all,84
81343,all,0
81356,all,155
81358,all,19
81466,all,39
81520,all,84
82025,all,150
8207,all,21
82105,all,23
8230,all,0
82606,all,19
8267,all,1
82840,all,90
82846,all,21
82894,all,5
83405,all,164
83563,all,0
83671,all,0
8393,all,53
8426,all,88
84556,all,1
84586,all,0
84634,all,16
8474,all,26
84763,all,3
8477,all,1074
84811,all,36
84923,all,438
84988,all,5
85177,all,2
85291,all,6
85339,all,15
85567,all,28
85852,all,1
86122,all,9
86153,all,177
86218,all,75
86311,all,317
86377,all,94
86953,all,4
87064,all,2
87067,all,2
87082,all,22
87181,all,7
87277,all,107
88120,all,10
88432,all,0
88489,all,18
8879,all,1
88831,all,18
88888,all,3
88924,all,23
88969,all,1
89009,all,80
8903,all,7
89185,all,474
89257,all,6
8933,all,26
89362,all,400
90367,all,28
90545,all,998
90619,all,49
9089,all,0
90904,all,7
91007,all,262
91183,all,108
91226,all,912
91261,all,11
91291,all,2
91402,all,9
91405,all,0
91804,all,2
92098,all,71
92137,all,1
9215,all,141
92188,all,53
92314,all,118
92536,all,85
92542,all,10
92827,all,24
92873,all,232
93019,all,18
93115,all,73
93187,all,68
93808,all,308
93881,all,211
94046,all,78
94087,all,1351
94156,all,0
94171,all,4
94193,all,357
9425,all,51
94366,all,31
94414,all,48
94666,all,7
9533,all,13
9551,all,496
95722,all,5
9574,all,220
9590,all,779
9595,all,36
96025,all,1
9611,all,1
96223,all,185
96283,all,68
96460,all,40
96526,all,68
96586,all,15
9659,all,16
96688,all,5
9689,all,307
9707,all,0
9754,all,921
97672,all,356
97819,all,348
97900,all,38
9827,all,11
99019,all,260
99049,all,8
99211,all,2
99376,all,205
99577,all,31
9964,all,821
99706,all,7
99802,all,1003
99904,all,119
99920,all,955
100015,1,4
100060,1,1
100126,1,0
100267,1,17
100840,1,3
101615,1,732
101896,1,1
102094,1,2
102362,1,54
102476,1,28
102478,1,0
102811,1,13
102955,1,258
103184,1,16
103198,1,2
10325,1,8
103261,1,1
103267,1,336
103330,1,15
103390,1,46
103580,1,78
103675,1,1
103855,1,1
104536,1,1
104764,1,0
104776,1,0
104800,1,2
104848,1,0
104890,1,0
105301,1,83
105436,1,11
105562,1,0
105613,1,0
105784,1,1
105802,1,1
105865,1,40
105932,1,45
106249,1,0
106363,1,11
106634,1,8
106702,1,22
106714,1,0
107245,1,1
107446,1,97
107567,1,109
107578,1,8
107596,1,0
108124,1,1
108265,1,1
108475,1,3
108874,1,1
108958,1,9
109129,1,36
109213,1,0
10931,1,50
109336,1,1
109387,1,1
109390,1,0
10943,1,14
10949,1,0
109532,1,0
109771,1,33
10991,1,0
109945,1,0
110617,1,0
11068,1,71
110680,1,0
110906,1,104
111017,1,11
11108,1,350
111401,1,16
111406,1,0
111931,1,0
111949,1,0
111964,1,49
112540,1,0
11255,1,197
112729,1,0
113035,1,0
113161,1,0
113242,1,5
113275,1,21
113293,1,269
113308,1,1
113389,1,6
113404,1,0
113465,1,0
113881,1,0
113929,1,0
114172,1,0
114176,1,62
11447,1,2
114472,1,0
114538,1,4
114811,1,4
115207,1,9
11534,1,0
115453,1,0
116248,1,2
116314,1,0
116389,1,720
116749,1,3
116764,1,1
116809,1,2
116878,1,1
117691,1,46
118234,1,0
118750,1,6
118792,1,5
119041,1,61
119098,1,0
11921,1,100
119563,1,0
119596,1,0
11987,1,7
120088,1,3
120238,1,1
120271,1,2
120286,1,20
120307,1,20
120347,1,55
120397,1,0
120586,1,3
120607,1,4
120685,1,4
120697,1,12
121016,1,59
121033,1,40
12104,1,0
121081,1,0
121232,1,35
121417,1,0
121450,1,76
121597,1,0
121630,1,3
122044,1,34
122173,1,1
12223,1,0
122476,1,0
122509,1,2
123017,1,133
123499,1,1
123571,1,1177
123628,1,4
123871,1,2
123928,1,7
124111,1,4
124666,1,0
124837,1,22
12485,1,1
124906,1,3
125563,1,0
125581,1,1
125899,1,1
125935,1,1
126046,1,1
126058,1,1
126061,1,0
126175,1,1
12659,1,4
127018,1,6
127081,1,4
127693,1,8
127807,1,14
127870,1,1
128284,1,1
128749,1,0
12905,1,6
129257,1,36
12940,1,28
129499,1,1
13013,1,1
130168,1,1
130318,1,2
130330,1,1
130397,1,37
130408,1,9
13049,1,3
13064,1,0
130696,1,0
130699,1,2
130733,1,83
130780,1,49
13085,1,0
13112,1,0
131379,1,0
131448,1,0
131451,1,1
131676,1,0
131742,1,3
131835,1,1
131934,1,8
132051,1,5
132465,1,2
132539,1,78
132570,1,1
13282,1,188
132849,1,19
133962,1,22
133980,1,16
134336,1,64
134469,1,9
134676,1,2
135033,1,3
135072,1,3
135153,1,0
135273,1,9
135477,1,21
135831,1,4
135921,1,12
135963,1,1
136017,1,0
136034,1,11
136668,1,2
136692,1,0
136722,1,0
136956,1,7
137136,1,30
137175,1,1
137244,1,1
137592,1,3
137622,1,0
137649,1,273
138006,1,9
138576,1,0
138606,1,42
138645,1,0
138840,1,4
139254,1,0
139614,1,35
139959,1,2
140181,1,1
140250,1,1
140438,1,23
140661,1,3
140793,1,0
140862,1,1
141207,1,17
141369,1,1
141395,1,65
141885,1,3
14207,1,2
142104,1,22
142418,1,41
142422,1,0
142614,1,0
142680,1,0
142683,1,3
142782,1,6
142842,1,6
14291,1,1
143003,1,392
143196,1,5
14321,1,5
143514,1,1
143583,1,93
143867,1,0
14393,1,36
14399,1,2
144273,1,0
144420,1,14
144540,1,0
144561,1,0
14471,1,2
144954,1,1
145050,1,3
145137,1,3
145269,1,6
145284,1,873
145308,1,3
145968,1,4
146001,1,0
146043,1,1
146070,1,0
14663,1,670
146679,1,0
146967,1,62
147132,1,49
14714,1,89
147153,1,7
147185,1,232
147186,1,3
147255,1,0
147390,1,3
147420,1,76
147669,1,28
147699,1,1
147705,1,3
148053,1,0
148112,1,21
148119,1,0
148193,1,37
148272,1,7
148275,1,33
148569,1,9
148668,1,1
14920,1,20
149304,1,12
149340,1,0
149364,1,1
149598,1,18
14960,1,40
149712,1,6
149832,1,0
149943,1,0
149961,1,264
150003,1,5
150087,1,2
150126,1,98
150360,1,2
150453,1,0
150483,1,5
150516,1,0
150528,1,127
150585,1,1
150834,1,4
150905,1,26
151025,1,103
151251,1,0
151326,1,8
151374,1,11
151536,1,1
15170,1,4
151739,1,129
151776,1,858
15191,1,31
15200,1,2
152331,1,15
152439,1,1
15257,1,0
152772,1,8
152784,1,67
153591,1,1
154002,1,0
15413,1,1
154203,1,1
154641,1,11
154800,1,0
154815,1,4
154908,1,312
154911,1,2
155418,1,0
155478,1,5
155708,1,100
15584,1,11
156560,1,49
156561,1,0
156659,1,384
156660,1,18
156702,1,1
157848,1,16
158171,1,71
158387,1,38
158388,1,17
159354,1,1
159483,1,5
160181,1,12
16043,1,3
160626,1,5
16109,1,0
161205,1,2
161238,1,74
161340,1,1
161378,1,357
161556,1,2
161685,1,1
161850,1,2
162006,1,11
16235,1,17
16241,1,138
162744,1,2
162833,1,16
162840,1,6
162875,1,85
162900,1,4
162939,1,21
163074,1,15
163088,1,12
163290,1,1
164240,1,76
164286,1,34152
164346,1,143
164403,1,2
164406,1,3
164436,1,6
164484,1,45
164535,1,0
164631,1,2
164666,1,129
164703,1,1
165345,1,24
165969,1,0
165981,1,6
166068,1,0
166167,1,0
16632,1,54
166581,1,0
16659,1,22
166800,1,1
166875,1,14
166938,1,0
167001,1,0
167265,1,310
167289,1,1
167349,1,29
167376,1,3
167391,1,6
167715,1,108
167931,1,2
168348,1,42
16926,1,3
17358,1,0
17392,1,10
17523,1,0
17574,1,1
1765,1,31
17667,1,1
17731,1,0
17754,1,0
17946,1,0
18030,1,0
18063,1,4
18435,1,1
18958,1,102
19170,1,3
1967,1,164
197,1,21
19869,1,77
19962,1,2
19966,1,6
20088,1,26
20166,1,3
20499,1,1
21399,1,170
21570,1,2
22108,1,41
22282,1,217
22338,1,8
22344,1,67
2274,1,2
22938,1,2
23160,1,0
23571,1,1
23671,1,41
23692,1,123
24174,1,0
24183,1,0
24198,1,20
24222,1,23
24264,1,6
24366,1,1
24378,1,2
24528,1,29
24615,1,17
24679,1,127
24867,1,2
25455,1,1
25839,1,4
25986,1,0
25995,1,20
26115,1,0
26290,1,89
26307,1,14
26427,1,2
26562,1,0
26622,1,11
26655,1,3
26667,1,26
26679,1,2
27195,1,20
27462,1,3
28026,1,0
28056,1,46
28086,1,7
28111,1,60
28113,1,14
28174,1,23
28810,1,0
28881,1,17
28887,1,1
29262,1,202
29271,1,25
29542,1,204
29751,1,0
29775,1,1
300,1,0
30087,1,1
30174,1,52
3024,1,4
30442,1,8
30444,1,3
30486,1,21
30513,1,68
30567,1,134
30574,1,6
30654,1,2
30915,1,1
30918,1,7
30927,1,15
30940,1,99
31275,1,0
31299,1,12
31344,1,3
31491,1,0
31683,1,7
31713,1,227
32019,1,0
32340,1,0
32439,1,0
32484,1,27
32754,1,0
32782,1,0
3279,1,50
32869,1,7
33037,1,0
33133,1,0
33166,1,5
33172,1,0
33388,1,1
33796,1,8
33982,1,64
34047,1,7
34078,1,2
34108,1,0
34270,1,129
3435,1,422
34774,1,11
34894,1,1
35134,1,2
35299,1,0
35700,1,0
35740,1,0
35788,1,1
36046,1,5
36223,1,0
36379,1,243
3654,1,3
36565,1,10
36589,1,1
36844,1,1
36879,1,34
37060,1,0
37645,1,291
38095,1,6
38158,1,12
38182,1,1
38197,1,0
38341,1,3
38581,1,0
38695,1,0
38716,1,4
38758,1,3
38797,1,1
38830,1,1
38836,1,11
39133,1,4
39190,1,22
39412,1,13
39436,1,0
39709,1,0
39718,1,30
39783,1,38
39796,1,0
40173,1,21
40198,1,2
40207,1,0
40255,1,0
40438,1,2
4044,1,17
40693,1,1
41158,1,1
41590,1,1
41655,1,467
41860,1,2
41869,1,1
42004,1,0
42093,1,15
42301,1,27
42355,1,160
42391,1,1
42652,1,1
42829,1,1
42853,1,1
42883,1,2
43162,1,87
43429,1,4
43918,1,12
44580,1,11
44815,1,0
45190,1,0
45247,1,0
45268,1,4
46147,1,37
46708,1,87
46750,1,0
46933,1,5
46942,1,2
46948,1,0
47134,1,1
47151,1,208
47206,1,0
47230,1,0
47335,1,8
47340,1,10
47557,1,3
47605,1,0
47623,1,36
47662,1,28
48025,1,366
48262,1,0
48277,1,1
48352,1,19
48919,1,10
49540,1,8
49573,1,184
49612,1,0
49885,1,0
50374,1,5
50389,1,8
50470,1,0
50485,1,9
50887,1,74
51007,1,0
51262,1,10
51316,1,1
51346,1,136
5141,1,30
5219,1,0
52372,1,0
52381,1,12
52564,1,18
52678,1,3
52711,1,0
5303,1,23
53110,1,1
53116,1,8
53140,1,0
53350,1,6
53446,1,7
535,1,30
54388,1,30
54469,1,0
54511,1,1
54661,1,0
54688,1,0
54717,1,16
54732,1,0
54781,1,6
54790,1,2
54886,1,0
55159,1,6
5519,1,0
55303,1,230
55318,1,3
55591,1,1
55608,1,7
55750,1,10
55948,1,0
55957,1,22
55966,1,41
55981,1,0
56212,1,2
56647,1,0
56764,1,0
56797,1,0
56806,1,5
56821,1,0
56845,1,0
57079,1,0
57268,1,0
57271,1,0
57274,1,54
57316,1,9
57493,1,0
57886,1,38
57943,1,3
57997,1,0
58119,1,1055
58372,1,0
58399,1,44
58444,1,2
58462,1,0
585,1,7
58552,1,349
58630,1,13
58959,1,56
59311,1,1
5949,1,75
59590,1,0
59596,1,230
59740,1,1
60061,1,0
60096,1,8
60109,1,42
60133,1,9
60163,1,20
60364,1,1
60382,1,1
60391,1,3
60604,1,0
61102,1,1
61143,1,79
61285,1,64
61294,1,0
61390,1,12
61540,1,0
61561,1,313
61695,1,11
62127,1,12
62431,1,29
62502,1,17
62623,1,2
62940,1,5
62964,1,129
63408,1,34
63547,1,54
63589,1,0
63652,1,11
63670,1,1
63718,1,1
63922,1,7
64381,1,0
64477,1,0
64768,1,3
64948,1,2
65023,1,0
65236,1,0
65271,1,55
65476,1,1
65479,1,5
65494,1,3
65517,1,5
65551,1,7
65560,1,1
65567,1,15
65578,1,0
65593,1,0
65713,1,21
6572,1,1
65836,1,1
66220,1,13
66811,1,2
67435,1,43
67936,1,1
68077,1,3
68377,1,3
68440,1,459
68795,1,41
69106,1,48
69115,1,0
6939,1,64
70012,1,1
70120,1,1
70270,1,0
70474,1,0
70490,1,13
70522,1,1
70588,1,2
70600,1,2
70810,1,7
71005,1,36
71152,1,42
71275,1,32
71356,1,5
71389,1,1
71449,1,4
71933,1,85
71947,1,3
72136,1,9
72667,1,0
727,1,159
72952,1,1
73342,1,1
73432,1,2
73531,1,0
73768,1,115
74215,1,290
74479,1,28
74794,1,0
75388,1,3
75706,1,0
75742,1,2
75871,1,89
75949,1,1
76231,1,19
76240,1,63
7716,1,6
77161,1,19
77290,1,0
77314,1,3
77360,1,31
77419,1,3
78286,1,1
78346,1,153
78349,1,0
78365,1,756
78476,1,0
78541,1,2
78958,1,0
79018,1,10
79066,1,10
79132,1,2
79192,1,6
79531,1,6
79645,1,0
79996,1,5
80062,1,17
80078,1,17
80251,1,0
80528,1,19
80575,1,1
80611,1,102
80665,1,6
80701,1,6
81145,1,1
81196,1,0
81229,1,1
81244,1,5
81343,1,5
81356,1,39
81466,1,73
81520,1,15
82025,1,0
8207,1,5
82105,1,4
8230,1,0
82606,1,5
8267,1,0
82840,1,3
82846,1,0
82894,1,0
83405,1,22
83563,1,0
83671,1,0
8393,1,5
8426,1,16
84556,1,1
84586,1,0
84634,1,12
8474,1,3
84763,1,1
8477,1,445
84811,1,10
84923,1,70
84988,1,0
85177,1,0
85291,1,0
85339,1,0
85567,1,4
85852,1,0
86122,1,0
86153,1,42
86218,1,12
86311,1,0
86377,1,31
86953,1,1
87067,1,0
87082,1,4
87181,1,7
87277,1,13
88120,1,0
88432,1,0
88489,1,0
8879,1,0
88831,1,3
88924,1,5
88969,1,0
89009,1,15
8903,1,0
89185,1,147
89257,1,0
8933,1,5
89362,1,126
90367,1,6
90545,1,159
90619,1,36
9089,1,0
90904,1,0
91007,1,38
91183,1,3
91226,1,0
91261,1,0
91291,1,0
91402,1,1
91804,1,0
92098,1,22
92137,1,0
9215,1,6
92188,1,9
92314,1,7
92536,1,5
92542,1,3
92827,1,3
92873,1,46
93019,1,0
93115,1,23
93187,1,12
93808,1,60
93881,1,45
94046,1,0
94087,1,446
94156,1,23
94171,1,1
94193,1,94
9425,1,0
94366,1,9
94414,1,8
94666,1,1
9533,1,2
9551,1,110
95722,1,0
9574,1,17
9590,1,192
9595,1,23
9611,1,0
96223,1,23
96283,1,37
96460,1,11
96526,1,3
96586,1,0
9659,1,4
9689,1,58
9707,1,0
9754,1,308
97672,1,48
97819,1,40
97900,1,8
9827,1,3
99019,1,40
99049,1,0
99376,1,68
99577,1,1
9964,1,177
99706,1,5
99802,1,323
99904,1,0
99920,1,282
100015,2,0
100126,2,0
100267,2,4
100840,2,0
101615,2,481
101896,2,1
102094,2,3
102362,2,36
102476,2,39
102478,2,2
102811,2,1
102955,2,90
103184,2,17
103198,2,1
10325,2,6
103261,2,0
103267,2,42
103330,2,14
103390,2,44
103580,2,0
103675,2,4
103855,2,2
104536,2,0
104764,2,0
104776,2,0
104800,2,8
104848,2,0
104890,2,0
105301,2,2
105436,2,5
105613,2,0
105784,2,18
105802,2,0
105865,2,0
105932,2,22
106057,2,0
106249,2,2
106363,2,11
106634,2,22
106702,2,2
106714,2,0
107245,2,3
107446,2,61
107567,2,0
107578,2,11
107596,2,1
108265,2,3
108475,2,1
108958,2,4
109129,2,16
109213,2,0
10931,2,31
109336,2,0
109387,2,0
109390,2,2
10943,2,12
10949,2,0
109532,2,19
109771,2,25
10991,2,0
109945,2,16
11068,2,109
110680,2,0
110906,2,28
111017,2,5
11108,2,188
111401,2,37
111406,2,1
111931,2,0
111949,2,0
111964,2,3
112540,2,2
11255,2,105
112729,2,1
113035,2,0
113161,2,1
113209,2,1
113242,2,1
113275,2,1
113293,2,177
113308,2,1
113389,2,4
113404,2,0
113465,2,140
113929,2,0
114176,2,21
11447,2,0
114472,2,1
114538,2,2
114811,2,4
115207,2,4
11534,2,1
115453,2,3
116314,2,2
116389,2,664
116749,2,3
116764,2,4
116809,2,1
116878,2,1
117691,2,39
117850,2,0
118234,2,3
118249,2,3
118750,2,1
118792,2,1
119041,2,5
119098,2,4
11921,2,32
119563,2,2
119596,2,0
11987,2,1
120088,2,3
120238,2,0
120271,2,4
120286,2,8
120307,2,15
120347,2,9
120397,2,0
120586,2,2
120607,2,1
120685,2,2
120697,2,4
121016,2,0
121033,2,61
12104,2,9
121081,2,77
121195,2,5
121232,2,20
121417,2,0
121450,2,40
121597,2,1
121630,2,8
122044,2,32
122173,2,2
12223,2,0
122476,2,0
122509,2,0
123017,2,61
123499,2,8
123571,2,730
123628,2,8
123871,2,0
123928,2,8
124111,2,0
124666,2,0
124837,2,2
12485,2,2
124906,2,1
125563,2,4
125581,2,0
125899,2,0
125935,2,11
126046,2,0
126058,2,2
126175,2,1
12659,2,4
127018,2,5
127081,2,2
127693,2,6
127807,2,3
127870,2,0
128284,2,0
128749,2,4
12905,2,14
129166,2,0
129257,2,40
12940,2,12
129499,2,3
13013,2,2
130168,2,2
130318,2,1
130330,2,1
13037,2,0
130397,2,29
130408,2,0
13049,2,5
13064,2,17
130696,2,1
130699,2,4
130733,2,19
130780,2,24
13085,2,3
13112,2,2
131379,2,6
131448,2,1
131451,2,0
131676,2,1
131742,2,5
131835,2,1
131934,2,0
132051,2,0
132465,2,0
132539,2,74
132570,2,76
13282,2,134
132849,2,25
133962,2,6
133980,2,30
134336,2,83
134469,2,5
134676,2,1
135033,2,3
135090,2,0
135273,2,18
135477,2,5
135831,2,1
135921,2,6
135963,2,2
136017,2,2
136034,2,0
136668,2,1
136692,2,0
136722,2,1
136956,2,3
137136,2,42
137175,2,0
137244,2,2
137592,2,1
137622,2,0
137649,2,3
138006,2,3
138576,2,1
138606,2,61
138645,2,0
138840,2,0
139614,2,99
139959,2,8
140181,2,0
140250,2,1
140438,2,31
140661,2,0
140793,2,1
141207,2,8
141369,2,2
141395,2,102
141885,2,2
14207,2,0
142104,2,46
142418,2,36
142422,2,0
142614,2,31
142680,2,1
142683,2,0
142782,2,1
142842,2,3
143003,2,125
143196,2,2
14321,2,0
143514,2,2
143583,2,12
143867,2,0
14393,2,2
14399,2,7
144273,2,0
144420,2,12
144540,2,0
144561,2,0
14471,2,3
144954,2,0
145050,2,1
145137,2,0
145269,2,0
145284,2,468
145308,2,1
145968,2,3
146001,2,0
146043,2,1
146070,2,0
14663,2,329
146679,2,4
146967,2,105
147132,2,10
14714,2,63
147153,2,3
147185,2,95
147186,2,3
147255,2,1
147390,2,1
147420,2,22
147669,2,1
147699,2,3
147705,2,1
148053,2,0
148112,2,19
148193,2,54
148272,2,6
148275,2,9
148569,2,0
148668,2,1
14920,2,44
149304,2,5
149340,2,0
149364,2,1
149598,2,16
14960,2,24
149712,2,1
149832,2,41
149943,2,1
149961,2,244
150003,2,17
150087,2,0
150126,2,79
150360,2,8
150453,2,0
150483,2,12
150516,2,1
150528,2,76
150585,2,3
150834,2,0
150905,2,40
151025,2,47
151251,2,0
151326,2,8
151374,2,109
151536,2,0
15170,2,5
151739,2,193
151776,2,420
15191,2,28
15200,2,0
152331,2,18
152439,2,1
152772,2,28
152784,2,75
153591,2,4
154002,2,3
15413,2,3
154203,2,1
154641,2,24
154815,2,0
154908,2,165
154911,2,3
155478,2,4
155708,2,48
15584,2,14
156560,2,39
156561,2,5
156659,2,2
156660,2,14
156702,2,3
157848,2,6
158171,2,25
158387,2,16
158388,2,6
159354,2,1
159483,2,0
160181,2,26
16043,2,0
16109,2,1
161205,2,0
161238,2,52
161340,2,1
161378,2,521
161556,2,10
161685,2,2
161850,2,4
162006,2,10
16235,2,2
16241,2,6
162744,2,6
162833,2,13
162840,2,3
162875,2,65
162900,2,4
162939,2,16
163074,2,8
163088,2,11
163290,2,0
164240,2,0
164286,2,175
16434,2,1
164346,2,36
164403,2,0
164406,2,12
164436,2,10
164484,2,21
164535,2,0
164631,2,4
164666,2,62
164703,2,0
165345,2,27
165969,2,1
165981,2,1
166068,2,1
166167,2,2
16632,2,31
166581,2,0
16659,2,4
166800,2,1
166875,2,4
166938,2,0
167001,2,1
167265,2,384
167289,2,1
167349,2,15
167376,2,5
167391,2,7
167715,2,93
167931,2,0
168348,2,34
16926,2,3
17199,2,1
17358,2,0
17392,2,16
17523,2,0
17574,2,1
1765,2,2
17667,2,1
17731,2,2
17754,2,5
17946,2,0
18030,2,2
18063,2,2
18435,2,0
18958,2,38
19170,2,0
1967,2,54
197,2,22
19869,2,25
19914,2,1
19962,2,2
19966,2,10
20088,2,0
20166,2,49
20499,2,2
21399,2,104
21570,2,1
22108,2,14
22282,2,2
22338,2,10
22344,2,75
2274,2,0
22938,2,1
23160,2,0
23571,2,1
23671,2,11
23692,2,98
23799,2,0
24018,2,1
24174,2,10
24198,2,3
24222,2,5
24264,2,0
24366,2,4
24378,2,1
24528,2,26
24615,2,15
24679,2,0
24867,2,0
25455,2,0
25839,2,2
25986,2,1
25995,2,0
26079,2,1
26290,2,18
26307,2,2
26427,2,14
26562,2,0
26622,2,5
26655,2,0
26667,2,1
26679,2,1
27195,2,14
27462,2,1
28026,2,0
28056,2,25
28086,2,21
28111,2,0
28113,2,9
28174,2,45
28810,2,4
28881,2,2
28887,2,5
29262,2,16
29271,2,37
29542,2,241
29631,2,0
29751,2,2
29775,2,0
300,2,3
30087,2,1
30174,2,30
3024,2,2
30378,2,1
30442,2,2
30444,2,21
30486,2,146
30513,2,25
30567,2,85
30574,2,3
30654,2,3
30915,2,2
30918,2,14
30927,2,26
30940,2,36
30951,2,0
31026,2,0
31275,2,1
31299,2,7
31344,2,9
31491,2,1
31683,2,3
31713,2,110
31938,2,0
32019,2,0
32340,2,11
32439,2,2
32484,2,1
32754,2,0
32782,2,2
3279,2,65
32869,2,1
33037,2,0
33133,2,0
33166,2,10
33172,2,5
33796,2,5
33982,2,41
34047,2,4
34078,2,3
34108,2,1
34270,2,156
3435,2,251
34774,2,1
34894,2,1
35134,2,3
35299,2,59
35700,2,4
35740,2,0
35788,2,1
35911,2,0
36046,2,10
36223,2,0
36379,2,120
3654,2,0
36565,2,5
36589,2,0
36844,2,0
36879,2,24
37060,2,18
37645,2,221
38095,2,3
38158,2,0
38182,2,0
38197,2,4
38341,2,2
38638,2,0
38695,2,1
38716,2,2
38758,2,21
38797,2,0
38830,2,1
38836,2,4
39133,2,11
39190,2,13
39412,2,19
39436,2,16
39709,2,0
39718,2,42
39783,2,11
39796,2,3
40173,2,9
40198,2,4
40207,2,2
40438,2,4
4044,2,15
40693,2,0
41158,2,1
41590,2,0
41655,2,728
41860,2,0
41869,2,2
41884,2,1
42004,2,0
42093,2,17
42301,2,21
42355,2,106
42391,2,2
42652,2,0
42829,2,2
42853,2,0
42883,2,5
43162,2,42
43429,2,1
43918,2,3
44580,2,17
44815,2,0
45190,2,33
45247,2,4
45268,2,2
46147,2,24
46708,2,43
46750,2,0
46933,2,1
46942,2,5
46948,2,0
47134,2,0
47151,2,83
47206,2,32
47230,2,0
47335,2,0
47340,2,9
47557,2,2
47605,2,1
47623,2,0
47662,2,5
48025,2,147
48262,2,40
48277,2,0
48352,2,44
48919,2,6
49540,2,0
49573,2,255
49612,2,1
49732,2,0
49885,2,13
50374,2,3
50389,2,4
50485,2,0
50887,2,470
51007,2,0
51262,2,21
51316,2,2
51346,2,124
5141,2,0
51412,2,0
5219,2,0
52372,2,3
52381,2,21
52564,2,10
52678,2,4
52711,2,0
5303,2,16
53110,2,0
53116,2,2
53140,2,0
53350,2,3
53446,2,2
535,2,14
53830,2,0
54388,2,0
54469,2,1
54511,2,0
54688,2,0
54717,2,27
54732,2,44
54790,2,2
54886,2,0
55159,2,0
5519,2,1
55303,2,146
55318,2,2
55591,2,1
55608,2,7
55750,2,5
55948,2,0
55957,2,16
55966,2,35
55981,2,2
56212,2,2
56647,2,8
56764,2,0
56806,2,2
56821,2,0
56845,2,0
57079,2,0
57268,2,0
57274,2,14
57316,2,5
57493,2,0
57886,2,59
57943,2,0
57997,2,0
58119,2,698
58366,2,2
58372,2,0
58399,2,10
58462,2,3
585,2,0
58552,2,241
58630,2,1
58959,2,63
59311,2,2
5949,2,116
59596,2,111
60096,2,7
60109,2,15
60133,2,1
60163,2,7
60364,2,1
60382,2,1
60391,2,0
60604,2,2
61102,2,0
61143,2,23
61285,2,65
61294,2,0
61390,2,5
61540,2,0
61558,2,0
61561,2,66
61695,2,13
62127,2,27
62431,2,0
62479,2,0
62502,2,17
62623,2,2
62940,2,25
62964,2,182
63408,2,57
63547,2,5
63589,2,0
63652,2,9
63670,2,0
63718,2,0
63922,2,14
64381,2,0
64477,2,0
64768,2,7
64948,2,1
65023,2,1
65236,2,2
65271,2,25
65476,2,0
65479,2,9
65494,2,3
65517,2,17
65551,2,6
65560,2,0
65567,2,11
65578,2,13
65593,2,1
65713,2,20
6572,2,0
66220,2,8
66811,2,2
67435,2,20
67936,2,0
68077,2,5
68377,2,8
68440,2,0
68795,2,0
69106,2,61
69115,2,0
6939,2,41
70012,2,0
70120,2,1
70444,2,1
70474,2,0
70490,2,30
70588,2,3
70600,2,0
70810,2,1
71005,2,0
71152,2,10
71275,2,0
71356,2,7
71389,2,0
71933,2,46
71947,2,2
72136,2,6
72667,2,1
727,2,64
72952,2,3
73342,2,1
73432,2,3
73531,2,4
73768,2,88
74215,2,116
74479,2,23
74794,2,0
75388,2,6
75706,2,3
75742,2,0
75871,2,49
75949,2,0
76231,2,33
76240,2,51
7716,2,0
77161,2,0
77290,2,2
77314,2,7
77360,2,32
77419,2,3
78286,2,0
78346,2,75
78349,2,0
78365,2,512
78472,2,1
78476,2,46
78541,2,0
78958,2,1
79018,2,12
79066,2,0
79132,2,2
79192,2,7
79531,2,3
79645,2,0
79996,2,3
80062,2,55
80078,2,14
80251,2,0
80528,2,59
80575,2,0
80611,2,58
80665,2,6
80701,2,2
81034,2,0
81145,2,2
81196,2,0
81229,2,0
81244,2,12
81343,2,25
81356,2,26
81358,2,0
81466,2,3
81520,2,7
82025,2,22
8207,2,1
82105,2,0
8230,2,0
82606,2,47
8267,2,0
82840,2,0
82846,2,1
82894,2,3
83405,2,22
83563,2,0
83671,2,16
8393,2,7
8426,2,15
84586,2,0
84634,2,1
8474,2,0
8477,2,64
84811,2,5
84923,2,76
84988,2,2
85177,2,0
85291,2,0
85339,2,2
85567,2,1
86122,2,1
86153,2,19
86218,2,7
86311,2,64
86377,2,0
86953,2,0
87064,2,0
87067,2,0
87082,2,2
87181,2,3
87277,2,4
88120,2,0
88432,2,1
88489,2,1
8879,2,0
88831,2,4
88888,2,0
88924,2,5
88969,2,0
89009,2,18
8903,2,3
89185,2,82
89257,2,2
8933,2,10
89362,2,20
90367,2,3
90545,2,473
90619,2,9
9089,2,0
90904,2,1
91007,2,46
91183,2,0
91226,2,0
91261,2,1
91291,2,1
91402,2,0
91804,2,3
92098,2,4
9215,2,4
92188,2,6
92314,2,0
92536,2,25
92542,2,0
92827,2,4
92873,2,61
93019,2,2
93115,2,3
93187,2,5
93808,2,41
93881,2,97
94046,2,8
94087,2,192
94156,2,39
94171,2,1
94193,2,90
9425,2,8
94366,2,13
94414,2,9
94666,2,2
9533,2,1
9551,2,37
95722,2,1
9574,2,16
9590,2,176
9595,2,3
96025,2,0
9611,2,1
96223,2,2
96283,2,14
96460,2,6
96526,2,7
96586,2,2
9659,2,1
9689,2,4
9754,2,149
97672,2,132
97819,2,47
97900,2,3
9827,2,3
99019,2,41
99049,2,0
99211,2,1
99376,2,20
99577,2,1
9964,2,89
99706,2,1
99802,2,46
99904,2,15
99920,2,143
100015,3,3
100060,3,0
100126,3,2
100267,3,8
100840,3,0
101615,3,599
101896,3,0
102094,3,2
102362,3,92
102476,3,36
102478,3,6
102811,3,15
102955,3,305
103184,3,18
103198,3,1
10325,3,0
103261,3,2
103267,3,52
103330,3,43
103390,3,11
103580,3,89
103675,3,13
103855,3,6
104536,3,3
104764,3,3
104776,3,2
104800,3,6
104848,3,2
104890,3,1
105301,3,201
105436,3,4
105613,3,0
105784,3,7
105802,3,0
105865,3,9
105932,3,19
106057,3,0
106249,3,1
106363,3,187
106634,3,18
106702,3,10
106714,3,1
107245,3,3
107446,3,165
107567,3,80
107578,3,8
107596,3,0
108124,3,3
108265,3,3
108475,3,1
108874,3,3
108958,3,27
109129,3,35
109213,3,2
10931,3,70
109336,3,0
109387,3,4
109390,3,0
10943,3,4
10949,3,0
109532,3,60
109771,3,36
10991,3,0
109945,3,27
11068,3,154
110680,3,0
110906,3,75
111017,3,13
11108,3,269
111401,3,39
111406,3,12
111931,3,1
111949,3,0
111964,3,5
112381,3,0
112540,3,1
11255,3,160
112729,3,1
113035,3,0
113161,3,4
113242,3,3
113275,3,0
113293,3,139
113308,3,2
113389,3,19
113404,3,0
113465,3,88
113881,3,1
113929,3,0
114172,3,0
114176,3,22
11447,3,3
114472,3,0
114538,3,2
114811,3,6
115207,3,15
11534,3,1
115453,3,4
116248,3,0
116314,3,8
116389,3,646
116749,3,4
116764,3,4
116809,3,11
116878,3,3
117691,3,10
117850,3,0
118234,3,1
118249,3,0
118750,3,13
118792,3,3
119041,3,169
119098,3,1
11921,3,61
119563,3,0
119596,3,0
11987,3,2
120088,3,2
120238,3,1
120271,3,20
120286,3,9
120307,3,229
120347,3,45
120397,3,3
120586,3,12
120607,3,4
120685,3,3
120697,3,10
121016,3,950
121033,3,79
12104,3,2
121081,3,409
121195,3,3
121232,3,66
121417,3,0
121450,3,60
121597,3,1
121630,3,5
122044,3,101
122173,3,0
12223,3,4688
122476,3,0
122509,3,1
123017,3,173
123499,3,1
123571,3,997
123628,3,7
123871,3,3
123928,3,7
124111,3,10
124666,3,1
124837,3,19
12485,3,0
124906,3,1
125563,3,10
125581,3,2
125899,3,0
125935,3,4
126046,3,2
126058,3,1
126061,3,1
126175,3,1
12659,3,36
127018,3,7
127081,3,2
127162,3,0
127534,3,2
127693,3,0
127807,3,17
127870,3,1
128284,3,8
128749,3,7
12905,3,4
129257,3,29
12940,3,29
129499,3,0
13013,3,0
130168,3,1
130318,3,0
130330,3,1
130397,3,54
130408,3,30
13049,3,5
13064,3,0
130696,3,4
130699,3,1
130733,3,12
130780,3,71
13085,3,7
13112,3,0
131379,3,17
131448,3,9
131451,3,3
131676,3,0
131742,3,0
131835,3,3
131934,3,9
132051,3,6
132465,3,1
132539,3,86
132570,3,0
13282,3,166
132849,3,0
133659,3,0
133962,3,28
133980,3,62
134336,3,176
134391,3,0
134469,3,13
134676,3,0
135033,3,7
135072,3,6
135090,3,4
135153,3,1
135273,3,5
135477,3,21
135831,3,1
135921,3,9
135963,3,4
136017,3,8
136034,3,61
136668,3,8
136692,3,2
136722,3,9
136956,3,3
137136,3,49
137175,3,9
137244,3,7
137592,3,6
137649,3,40
138006,3,28
138576,3,4
138606,3,211
138645,3,0
138840,3,0
139614,3,20
139959,3,2
140181,3,1
140250,3,8
140438,3,44
140793,3,0
140862,3,23
141207,3,6
141369,3,7
141395,3,210
141885,3,3
14207,3,5
142104,3,3
142418,3,45
142422,3,5
142614,3,0
142680,3,6
142683,3,23
142782,3,54
142842,3,4
14291,3,0
143003,3,95
143196,3,4
14321,3,9
143514,3,1
143583,3,38
143867,3,0
14393,3,0
14399,3,3
144273,3,4
144420,3,15
144540,3,6
144561,3,13
14471,3,0
144954,3,1
145050,3,16
145137,3,1
145269,3,1
145284,3,901
145308,3,6
145968,3,8
146001,3,3
146043,3,3
146070,3,0
14663,3,548
146679,3,1
146967,3,26
147132,3,41
14714,3,339
147153,3,1
147185,3,155
147186,3,4
147255,3,1
147390,3,3
147420,3,3590
147669,3,9
147699,3,4
147705,3,112
148053,3,0
148112,3,37
148119,3,1
148193,3,64
148272,3,5
148275,3,41
148569,3,16
148668,3,6
14920,3,22
149304,3,8
149340,3,1
149364,3,3
149598,3,33
14960,3,191
149712,3,0
149832,3,66
149943,3,0
149961,3,452
150003,3,9
150087,3,17
150126,3,66
150360,3,0
150453,3,1
150483,3,21
150516,3,0
150528,3,0
150585,3,14
150834,3,3
150905,3,19
151025,3,60
151251,3,0
151326,3,0
151374,3,21
151536,3,3
15170,3,29
151739,3,86
151776,3,1930
15191,3,64
15200,3,1
152331,3,50
152439,3,3
15257,3,1
152772,3,13
152784,3,36
152949,3,3
153591,3,31
154002,3,62
154038,3,3
15413,3,0
154203,3,1
154641,3,13
154800,3,1
154815,3,8
154908,3,416
154911,3,12
155418,3,0
155478,3,7
155708,3,94
15584,3,9
156560,3,56
156561,3,0
156659,3,46
156660,3,8
156696,3,0
156702,3,4
157848,3,36
158171,3,12
158387,3,25
158388,3,11
159354,3,1
159483,3,0
160181,3,18
16043,3,7
160626,3,14
16109,3,1
161205,3,10
161238,3,28
161340,3,0
161378,3,737
161556,3,1
161685,3,4
161850,3,12
162006,3,9
162171,3,0
16235,3,0
16241,3,15
162744,3,15
162833,3,17
162840,3,0
162875,3,84
162900,3,1
162939,3,16
163074,3,39
163088,3,30
163290,3,3
164240,3,12
164286,3,448
16434,3,0
164346,3,70
164403,3,5
164406,3,11
164436,3,6
164484,3,35
164535,3,1
164631,3,6
164666,3,151
164703,3,0
165345,3,36
165969,3,0
165981,3,52
166068,3,1
166167,3,3
16632,3,46
166581,3,4
16659,3,41
166800,3,1
166875,3,11
166938,3,1
167001,3,2
167265,3,183
167289,3,5
167349,3,19
167376,3,46
167391,3,3
167715,3,313
167931,3,1
168348,3,155
16926,3,0
17199,3,1
17358,3,1
17392,3,25
17523,3,0
17574,3,0
17610,3,1
1765,3,9
17667,3,0
17731,3,0
17754,3,6
17946,3,3
18030,3,6
18063,3,2
18435,3,3
18958,3,162
19170,3,6
1967,3,274
197,3,60
19869,3,209
19914,3,0
19962,3,2
19966,3,7
20088,3,0
20166,3,17
20499,3,0
21399,3,66
21570,3,3
22108,3,49
22282,3,8
22338,3,8
22344,3,169
2274,3,1
22938,3,8
23160,3,3
23571,3,7
23671,3,13
23692,3,68
23799,3,1
24174,3,175
24183,3,17
24198,3,1
24222,3,1
24264,3,11
24366,3,0
24378,3,3
24528,3,29
24615,3,29
24679,3,138
24867,3,0
25455,3,0
25839,3,11
25986,3,1
25995,3,0
26079,3,2
26290,3,51
26307,3,27
26427,3,2
26562,3,1
26622,3,29
26655,3,22
26667,3,42
26679,3,0
27195,3,32
27462,3,1
28026,3,0
28056,3,52
28086,3,5
28111,3,92
28113,3,21
28174,3,37
28810,3,43
28881,3,70
28887,3,13
29262,3,208
29271,3,35
29542,3,120
29631,3,3
29751,3,17
29775,3,10
300,3,0
30087,3,2
30174,3,34
3024,3,0
30378,3,0
30442,3,13
30444,3,5
30486,3,390
30513,3,109
30567,3,126
30574,3,34
30654,3,11
30915,3,1
30918,3,20
30927,3,30
30940,3,33
30951,3,2
31275,3,6
31299,3,13
31344,3,12
31491,3,5
31683,3,10
31713,3,178
31938,3,1
32019,3,0
32439,3,3
32484,3,19
32715,3,0
32754,3,2
32782,3,1
3279,3,82
32869,3,0
33037,3,0
33133,3,0
33166,3,0
33172,3,5
33388,3,0
33796,3,7
33982,3,55
34047,3,33
34078,3,10
34108,3,3
34270,3,223
3435,3,397
34774,3,14
34894,3,2
35134,3,10
35299,3,69
35700,3,91
35740,3,0
35788,3,13
35911,3,4
36046,3,5
36223,3,25
36379,3,161
3654,3,13
36565,3,12
36589,3,2
36844,3,3
36879,3,72
37060,3,128
37645,3,90
38095,3,2
38158,3,6
38182,3,11
38197,3,13
38341,3,4
38581,3,2
38638,3,2
38695,3,0
38716,3,1
38758,3,4
38797,3,0
38830,3,2
38836,3,8
39133,3,8
39190,3,24
39412,3,31
39436,3,2
39709,3,1
39718,3,244
39783,3,15
39796,3,0
40173,3,14
40198,3,1
40207,3,4
40255,3,1
4044,3,15
40693,3,4
41158,3,1
41590,3,1
41655,3,518
41860,3,7
41869,3,2
41884,3,1
42004,3,0
42093,3,16
42301,3,0
42355,3,102
42391,3,3
42652,3,0
42829,3,1
42853,3,9
42883,3,5
43162,3,37
43429,3,2
43918,3,15
44580,3,37
44815,3,0
45190,3,23
45223,3,0
45247,3,0
45268,3,6
46147,3,246
46708,3,67
46750,3,0
46933,3,24
46942,3,0
46948,3,1
47134,3,1
47151,3,115
47206,3,52
47230,3,0
47335,3,13
47340,3,8
47557,3,8
47605,3,0
47623,3,1
47662,3,8
48025,3,201
48262,3,108
48277,3,1
48352,3,38
48919,3,7
49540,3,16
49573,3,268
49612,3,8
49732,3,3
49885,3,2
50374,3,14
50389,3,6
50470,3,0
50485,3,8
50887,3,465
51007,3,1
51262,3,10
51316,3,0
51346,3,261
5141,3,60
51412,3,7
5219,3,86
52372,3,5
52381,3,21
52564,3,18
52678,3,13
52711,3,46
5303,3,8
53110,3,4
53116,3,2
53140,3,0
53350,3,7
53446,3,5
535,3,19
53830,3,1
54388,3,16
54469,3,0
54511,3,0
54688,3,4
54717,3,33
54732,3,19
54781,3,6
54790,3,8
54886,3,3
55159,3,2
5519,3,0
55303,3,187
55318,3,0
55591,3,0
55608,3,27
55750,3,11
55957,3,8
55966,3,133
55981,3,2
55996,3,0
56212,3,7
56647,3,0
56764,3,0
56806,3,1
56821,3,3
56845,3,1
57079,3,0
57268,3,7
57271,3,1
57274,3,104
57316,3,2
57493,3,1
57886,3,39
57943,3,10
57997,3,6
58119,3,1280
58372,3,0
58399,3,38
58444,3,0
58462,3,9
585,3,36
58552,3,841
58630,3,4
58959,3,151
59311,3,0
5949,3,43
59590,3,4
59596,3,177
59740,3,2
60061,3,0
60096,3,10
60109,3,20
60133,3,1
60163,3,322
60358,3,1
60364,3,2
60382,3,3
60391,3,0
60604,3,5
61102,3,1
61143,3,124
61285,3,85
61294,3,2
61390,3,6
61540,3,8
61561,3,168
61695,3,15
62127,3,15
62431,3,98
62479,3,1
62502,3,24
62623,3,1
62940,3,4
62964,3,323
63408,3,71
63547,3,61
63589,3,1
63652,3,12
63718,3,2
63922,3,33
64381,3,0
64477,3,2
64768,3,0
64948,3,1
65236,3,2
65271,3,251
65476,3,1
65479,3,9
65494,3,10
65517,3,13
65551,3,7
65560,3,16
65567,3,19
65578,3,51
65593,3,10
65713,3,40
6572,3,6
65836,3,7
66220,3,1
66811,3,16
67435,3,38
67936,3,22
68077,3,10
68377,3,14
68440,3,124
68795,3,27
69106,3,37
69115,3,0
6939,3,0
70120,3,0
70270,3,0
70474,3,0
70490,3,27
70588,3,3
70600,3,2
70810,3,1
71005,3,18
71152,3,44
71275,3,0
71356,3,10
71389,3,0
71933,3,84
71947,3,2
72136,3,6
72667,3,1
727,3,206
72952,3,1
73342,3,0
73432,3,0
73531,3,9
73768,3,64
74215,3,214
74479,3,18
74794,3,0
75388,3,4
75706,3,2
75742,3,4
75871,3,186
75949,3,3
76231,3,14
76240,3,26
77017,3,0
7716,3,0
77161,3,6
77290,3,1
77314,3,6
77360,3,35
77419,3,3
78286,3,0
78346,3,314
78349,3,1
78365,3,0
78476,3,123
78541,3,1
78958,3,0
79018,3,46
79066,3,0
79132,3,3
79192,3,6
79531,3,9
79645,3,7
79996,3,10
80062,3,15
80078,3,12
80251,3,1
80528,3,120
80575,3,0
80611,3,127
80665,3,4
80701,3,2
81034,3,4
81145,3,1
81196,3,10
81229,3,2
81244,3,20
81343,3,13
81356,3,29
81358,3,2
81466,3,3
81520,3,16
82025,3,5
8207,3,2
82105,3,3
8230,3,0
82606,3,7
8267,3,1
82840,3,0
82846,3,5
82894,3,7
83405,3,83
83563,3,0
83671,3,6
8393,3,5
8426,3,18
84586,3,1
84634,3,0
8474,3,4
84763,3,1
8477,3,24
84811,3,10
84923,3,104
84988,3,0
85177,3,0
85291,3,1
85339,3,3
85567,3,0
86122,3,0
86153,3,44
86218,3,16
86311,3,108
86377,3,19
86953,3,1
87064,3,0
87067,3,0
87082,3,5
87181,3,4
87277,3,22
88120,3,0
88432,3,0
88489,3,4
8879,3,0
88831,3,0
88888,3,1
88924,3,3
88969,3,1
89009,3,10
8903,3,2
89185,3,49
89257,3,0
8933,3,4
89362,3,72
90367,3,8
90545,3,114
90619,3,21
9089,3,0
90904,3,0
91007,3,15
91183,3,9
91226,3,61
91261,3,3
91291,3,0
91402,3,1
91804,3,1
92098,3,15
92137,3,0
9215,3,4
92188,3,28
92314,3,24
92536,3,16
92542,3,0
92827,3,43
92873,3,27
93019,3,10
93115,3,7
93187,3,16
93808,3,76
93881,3,65
94046,3,29
94087,3,273
94156,3,706
94171,3,2
94193,3,71
9425,3,8
94366,3,1
94414,3,22
94666,3,3
9533,3,1
9551,3,127
95722,3,0
9574,3,60
9590,3,144
9595,3,4
9611,3,0
96223,3,6
96283,3,2
96460,3,7
96526,3,20
96586,3,8
9659,3,0
9689,3,35
9754,3,135
97672,3,113
97819,3,0
97900,3,17
9827,3,5
99019,3,29
99049,3,0
99211,3,1
99376,3,53
99577,3,9
9964,3,188
99706,3,0
99802,3,173
99904,3,38
99920,3,282
100015,4,5
100060,4,0
100126,4,1
100267,4,0
100840,4,1
101615,4,0
101896,4,0
102094,4,6
102362,4,47
102476,4,46
102478,4,2
102811,4,8
102955,4,304
103184,4,24
103198,4,7
10325,4,0
103261,4,3
103267,4,158
103330,4,27
103390,4,18
103580,4,60
103675,4,6
103855,4,4
104536,4,1
104764,4,3
104776,4,1
104800,4,9
104848,4,2
104890,4,0
105301,4,1194
105436,4,22
105562,4,3
105613,4,1
105784,4,1
105802,4,0
105865,4,38
105932,4,13
106057,4,1
106249,4,0
106363,4,16
106634,4,0
106702,4,1
106714,4,7
107245,4,14
107446,4,438
107567,4,0
107578,4,0
107596,4,1
108124,4,8
108265,4,1
108475,4,0
108874,4,4
108958,4,5
109129,4,13
109213,4,0
10931,4,0
109336,4,1
109387,4,4
109390,4,15
10943,4,0
10949,4,9
109532,4,5
109771,4,26
10991,4,0
109945,4,147
11068,4,162
110906,4,87
111017,4,3
11108,4,409
111401,4,104
111406,4,4
111931,4,0
111949,4,3
111964,4,3
112381,4,0
112540,4,3
11255,4,123
112600,4,2
112729,4,2
113035,4,0
113161,4,4
113242,4,5
113275,4,6
113293,4,139
113308,4,0
113389,4,0
113404,4,1
113465,4,0
113929,4,12
114172,4,0
114176,4,15
11447,4,2
114472,4,0
114538,4,0
114811,4,5
115207,4,22
11534,4,0
115453,4,12
116248,4,11
116314,4,1
116389,4,1329
116749,4,3
116764,4,6
116809,4,2
116878,4,0
117691,4,40
117850,4,1
118234,4,0
118249,4,1
118750,4,1
118792,4,3
119041,4,64
119098,4,1
11921,4,94
119563,4,0
119596,4,2
11987,4,3
120088,4,4
120238,4,1
120271,4,0
120286,4,34
120307,4,0
120347,4,271
120397,4,53
120586,4,10
120607,4,12
120685,4,14
120697,4,13
121016,4,0
121033,4,90
12104,4,2
121081,4,441
121195,4,7
121232,4,86
121417,4,4
121450,4,168
121597,4,1
121630,4,32
122044,4,79
122173,4,3
12223,4,0
122476,4,2
122509,4,2
123017,4,162
123499,4,1
123571,4,952
123628,4,26
123871,4,6
123928,4,9
124111,4,29
124666,4,11
124837,4,31
12485,4,4
124906,4,3
125563,4,6
125581,4,2
125899,4,0
125935,4,0
126046,4,5
126058,4,4
126061,4,2
126175,4,0
12659,4,31
127018,4,8
127081,4,4
127162,4,1
127693,4,7
127807,4,14
127870,4,2
128284,4,1
128749,4,7
12905,4,14
129166,4,2
129257,4,110
12940,4,187
129499,4,0
13013,4,2
130168,4,1
130318,4,0
130330,4,2
13037,4,1
130397,4,37
130408,4,41
13049,4,3
13064,4,4
130696,4,1
130699,4,7
130733,4,17
130780,4,73
13085,4,2
13112,4,21
131379,4,23
131442,4,2
131448,4,1
131451,4,5
131676,4,0
131742,4,7
131835,4,0
131934,4,4
132051,4,5
132465,4,0
132539,4,55
132570,4,0
13282,4,95
132849,4,6
133659,4,1
133962,4,15
133980,4,283
134336,4,151
134391,4,3
134469,4,18
134676,4,0
135033,4,1
135072,4,2
135090,4,2
135153,4,2
135273,4,1
135477,4,14
135831,4,2
135921,4,35
135963,4,31
136017,4,1
136034,4,27
136668,4,6
136692,4,3
136722,4,3
136956,4,8
137136,4,50
137175,4,1
137244,4,1
137592,4,7
137622,4,1
137649,4,91
138006,4,4
138576,4,0
138606,4,102
138645,4,1
138840,4,0
139254,4,1
139614,4,0
139959,4,0
140181,4,0
140250,4,0
140438,4,30
140661,4,6
140793,4,9
140862,4,3
141207,4,5
141369,4,2
141395,4,64
141885,4,2
14207,4,7
142104,4,54
142418,4,41
142422,4,5
142614,4,0
142680,4,7
142683,4,7
142782,4,9
142842,4,4
14291,4,1
143003,4,616
143196,4,6
14321,4,24
143514,4,10
143583,4,6
143867,4,98
14393,4,3
14399,4,0
144273,4,13
144420,4,9
144540,4,2
144561,4,3
14471,4,8
144954,4,0
145050,4,3
145137,4,9
145269,4,2
145284,4,1494
145308,4,3
145968,4,5
146001,4,27
146043,4,5
146070,4,2
14663,4,405
146679,4,1
146967,4,82
147132,4,67
14714,4,51
147153,4,3
147185,4,352
147186,4,59
147255,4,2
147390,4,12
147420,4,38
147669,4,40
147699,4,0
147705,4,0
148053,4,12
148112,4,19
148119,4,6
148193,4,66
148272,4,3
148275,4,17
148569,4,44
148668,4,76
14920,4,23
149304,4,9
149340,4,1
149364,4,1
149598,4,24
14960,4,72
149712,4,0
149832,4,234
149943,4,3
149961,4,427
150003,4,13
150087,4,26
150126,4,95
150360,4,51
150453,4,1
150483,4,12
150516,4,2
150528,4,190
150585,4,47
150834,4,7
150905,4,37
151025,4,60
151251,4,1
151326,4,28
151374,4,12
151536,4,8
15170,4,9
151739,4,0
151776,4,1002
15191,4,43
15200,4,1
152331,4,11
15257,4,6
152772,4,24
152784,4,98
152787,4,10
152949,4,0
153591,4,3
154002,4,7
154038,4,1
15413,4,0
154203,4,3
154386,4,0
154641,4,20
154800,4,0
154815,4,0
154908,4,1005
154911,4,7
155418,4,1
155478,4,11
155708,4,109
15584,4,16
156560,4,29
156561,4,1
156659,4,152
156660,4,15
156702,4,0
157848,4,15
158171,4,57
158387,4,0
158388,4,16
159354,4,0
159483,4,3
160181,4,182
16043,4,8
160626,4,15
16109,4,1
161205,4,4
161238,4,118
161340,4,3
161378,4,419
161556,4,3
161685,4,2
161850,4,19
162006,4,3
162171,4,0
16235,4,1
16241,4,7
162744,4,2
162833,4,22
162840,4,2
162875,4,69
162900,4,14
162939,4,11
163074,4,0
163088,4,15
163290,4,1
164240,4,12
164286,4,482
16434,4,1
164346,4,211
164403,4,7
164406,4,1
164436,4,29
164484,4,25
164535,4,0
164631,4,15
164666,4,502
164703,4,21
165345,4,37
165969,4,4
165981,4,79
166068,4,1
166167,4,10
16632,4,27
166581,4,10
16659,4,40
166800,4,1
166875,4,18
166938,4,2
167001,4,0
167265,4,256
167289,4,14
167349,4,42
167376,4,3
167391,4,1
167715,4,68
167931,4,2
168348,4,57
16926,4,5
17199,4,0
17358,4,1
17392,4,13
17523,4,428
17574,4,1
17610,4,0
1765,4,0
17667,4,0
17731,4,11
17754,4,6
17946,4,0
18030,4,1
18063,4,14
18435,4,0
18958,4,254
19170,4,3
1967,4,391
197,4,43
19869,4,265
19914,4,1
19962,4,1
19966,4,0
20088,4,20
20166,4,23
20499,4,0
21399,4,258
21570,4,1
22108,4,34
22282,4,159
22338,4,8
22344,4,226
2274,4,1
22938,4,0
23160,4,1
23571,4,1
23671,4,95
23692,4,150
23799,4,1
24174,4,169
24183,4,0
24198,4,5
24222,4,7
24264,4,7
24366,4,3
24378,4,1
24528,4,36
24615,4,43
24679,4,0
24867,4,0
25455,4,0
25839,4,32
25986,4,5
25995,4,0
26079,4,0
26115,4,3
26290,4,75
26307,4,7
26427,4,16
26562,4,3
26622,4,9
26655,4,0
26667,4,4
26679,4,31
27195,4,161
27462,4,4
28026,4,0
28056,4,54
28086,4,15
28111,4,153
28113,4,56
28174,4,25
28810,4,236
28881,4,6
28887,4,24
29271,4,112
29542,4,266
29751,4,2
29775,4,17
300,4,4
30087,4,1
30174,4,84
3024,4,4
30378,4,0
30442,4,4
30444,4,0
30486,4,19
30513,4,43
30567,4,290
30574,4,26
30654,4,10
30915,4,1
30918,4,12
30927,4,9
30940,4,36
30951,4,1
31026,4,1
31275,4,3
31299,4,25
31344,4,0
31491,4,2
31683,4,25
31713,4,161
32019,4,0
32340,4,0
32439,4,1
32484,4,35
32715,4,1
32754,4,11
32782,4,6
3279,4,59
32869,4,0
33037,4,17
33133,4,4
33166,4,6
33172,4,6
33388,4,0
33796,4,0
33982,4,29
34047,4,38
34078,4,9
34108,4,0
34270,4,26
3435,4,487
34774,4,1
34894,4,0
35134,4,12
35299,4,389
35700,4,255
35740,4,0
35788,4,108
35911,4,0
36046,4,19
36223,4,0
36379,4,666
3654,4,2
36565,4,32
36589,4,2
36844,4,2
36879,4,24
37060,4,133
37645,4,421
38095,4,1
38158,4,2
38182,4,3
38197,4,2
38341,4,32
38581,4,1
38638,4,0
38647,4,1
38695,4,0
38716,4,1
38758,4,0
38797,4,1
38830,4,4
38836,4,9
39133,4,18
39190,4,0
39412,4,18
39436,4,2
39709,4,1
39718,4,199
39783,4,10
39796,4,0
40173,4,15
40198,4,9
40207,4,53
40438,4,1
4044,4,21
40693,4,4
41158,4,4
41590,4,9
41655,4,654
41860,4,4
41869,4,6
41884,4,1
42004,4,0
42093,4,162
42301,4,0
42355,4,182
42391,4,3
42652,4,2
42829,4,0
42853,4,0
42883,4,59
43162,4,130
43429,4,4
43918,4,2
44580,4,39
44815,4,1
45190,4,28
45223,4,11
45247,4,1
45268,4,15
46147,4,8
46708,4,13
46750,4,2
46933,4,11
46942,4,4
46948,4,3
47134,4,2
47151,4,330
47206,4,0
47230,4,0
47335,4,6
47340,4,0
47557,4,31
47605,4,2
47623,4,15
47662,4,10
48025,4,830
48262,4,162
48277,4,8
48352,4,36
48919,4,2
49540,4,14
49573,4,185
49612,4,2
49885,4,9
50374,4,7
50389,4,15
50470,4,1
50485,4,0
50887,4,578
51007,4,1
51262,4,24
51316,4,2
51346,4,152
5141,4,0
51412,4,1
5219,4,32
52372,4,1
52381,4,76
52564,4,6
52645,4,0
52678,4,0
52711,4,4
5303,4,34
53110,4,1
53116,4,7
53140,4,1
53350,4,14
53446,4,15
535,4,60
53830,4,1
54388,4,127
54469,4,1
54511,4,2
54661,4,7
54688,4,4
54717,4,56
54732,4,0
54781,4,9
54790,4,4
54886,4,0
55159,4,9
5519,4,4
55303,4,383
55318,4,0
55591,4,3
55608,4,32
55750,4,8
55948,4,1
55957,4,21
55966,4,66
55981,4,2
56212,4,3
56647,4,4
56764,4,0
56797,4,0
56806,4,0
56821,4,0
56845,4,0
57079,4,0
57268,4,1
57271,4,1
57274,4,142
57316,4,6
57493,4,3
57886,4,97
57943,4,6
57997,4,5
58119,4,1464
58372,4,2
58399,4,14
58444,4,3
58462,4,7
585,4,10
58552,4,266
58630,4,4
58959,4,67
59311,4,5
5949,4,142
59548,4,1
59590,4,3
59596,4,517
59740,4,1
60061,4,1
60096,4,18
60109,4,1
60133,4,11
60163,4,11
60358,4,0
60364,4,1
60382,4,1
60391,4,0
60604,4,4
61102,4,1
61143,4,0
61285,4,112
61294,4,4
61390,4,5
61540,4,3
61558,4,1
61561,4,164
61695,4,20
62127,4,17
62431,4,83
62479,4,0
62502,4,39
62623,4,1
62940,4,70
62964,4,121
63408,4,35
63547,4,21
63589,4,3
63652,4,10
63670,4,2
63718,4,9
63922,4,14
64381,4,115
64477,4,2
64768,4,0
64948,4,0
65023,4,1
65236,4,2
65271,4,155
65476,4,5
65479,4,20
65494,4,1
65517,4,6
65551,4,16
65560,4,0
65567,4,21
65578,4,0
65593,4,0
65713,4,42
6572,4,11
65836,4,0
66220,4,4
66811,4,0
67435,4,23
67936,4,7
68077,4,5
68377,4,58
68440,4,49
68795,4,32
69106,4,59
69115,4,0
6939,4,116
70012,4,0
70120,4,0
70270,4,1
70444,4,1
70474,4,1
70490,4,105
70522,4,2
70588,4,17
70600,4,6
70810,4,1
71005,4,1
71152,4,15
71275,4,0
71356,4,7
71449,4,21
71933,4,261
71947,4,3
72136,4,0
72667,4,4
727,4,516
73342,4,0
73432,4,3
73531,4,4
73768,4,118
74215,4,621
74479,4,82
74794,4,0
75388,4,212
75706,4,2
75742,4,7
75871,4,0
75949,4,1
76231,4,26
76240,4,72
7716,4,112
77161,4,0
77290,4,13
77314,4,19
77360,4,180
77419,4,3
78286,4,1
78346,4,317
78349,4,1
78365,4,20107
78472,4,0
78476,4,142
78541,4,7
78958,4,0
79018,4,13
79066,4,5
79132,4,6
79192,4,26
79276,4,1
79531,4,9
79645,4,0
79996,4,5
80062,4,39
80078,4,16
80251,4,3
80528,4,41
80575,4,0
80611,4,152
80665,4,4
80701,4,0
81034,4,1
81145,4,1
81196,4,0
81229,4,0
81244,4,29
81343,4,0
81356,4,46
81358,4,22
81466,4,9
81520,4,34
82025,4,78
8207,4,7
82105,4,22
8230,4,0
82606,4,13
8267,4,1
82840,4,12
82846,4,9
82894,4,0
83405,4,28
83563,4,0
83671,4,0
8393,4,18
8426,4,38
84556,4,0
84586,4,1
84634,4,8
8474,4,10
84763,4,1
8477,4,111
84811,4,10
84923,4,116
84988,4,0
85177,4,1
85291,4,2
85339,4,2
85567,4,24
85852,4,0
86122,4,2
86153,4,58
86218,4,25
86311,4,5
86377,4,19
86953,4,2
87064,4,1
87067,4,1
87082,4,7
87181,4,3
87277,4,133
88120,4,3
88432,4,0
88489,4,0
8879,4,2
88831,4,2
88888,4,1
88924,4,9
88969,4,1
89009,4,17
8903,4,2
89185,4,114
89257,4,0
8933,4,3
89362,4,156
90367,4,4
90545,4,140
90619,4,1
9089,4,0
90904,4,5
91007,4,39
91183,4,128
91226,4,420
91261,4,6
91291,4,1
91402,4,11
91405,4,1
91804,4,0
92098,4,20
92137,4,1
9215,4,15
92188,4,17
92314,4,9
92536,4,3
92542,4,1
92827,4,2
92873,4,51
93019,4,6
93115,4,18
93187,4,17
93808,4,73
93881,4,66
94046,4,16
94087,4,286
94156,4,185
94171,4,1
94193,4,102
9425,4,1
94366,4,0
94414,4,8
94666,4,2
9533,4,2
9551,4,237
95722,4,1
9574,4,33
9590,4,173
9595,4,5
96025,4,1
9611,4,1
96223,4,144
96283,4,0
96460,4,15
96526,4,33
96586,4,3
9659,4,6
96688,4,5
9689,4,59
9754,4,196
97672,4,42
97819,4,42
97900,4,16
9827,4,3
99019,4,109
99049,4,7
99376,4,26
99577,4,21
9964,4,0
99706,4,2
99802,4,424
99904,4,0
99920,4,187
100015,5,0
100126,5,4
100267,5,3
100840,5,9
101615,5,1176
101896,5,0
102094,5,5
102362,5,59
102476,5,33
102478,5,7
102811,5,4
102955,5,409
103184,5,111
103198,5,1
10325,5,4
103261,5,3
103267,5,82
103330,5,103
103390,5,2
103580,5,2
103675,5,2
103855,5,1
104536,5,0
104764,5,1
104776,5,0
104800,5,3
104848,5,0
104890,5,0
105301,5,15
105436,5,0
105562,5,0
105613,5,0
105784,5,3
105802,5,0
105865,5,1
105932,5,22
106057,5,1
106249,5,0
106363,5,181
106634,5,0
106702,5,0
106714,5,0
107245,5,6
107446,5,85
107567,5,0
107578,5,81
107596,5,0
108124,5,2
108265,5,1
108475,5,0
108874,5,0
108958,5,0
109129,5,18
109213,5,0
10931,5,35
109336,5,0
109387,5,3
109390,5,0
10943,5,3
10949,5,5
109532,5,120
109771,5,10
10991,5,0
109945,5,28
110617,5,1
11068,5,108
110680,5,0
110906,5,80
111017,5,17
11108,5,317
111401,5,14
111406,5,2
111931,5,1
111949,5,0
111964,5,3
112381,5,2
112540,5,0
11255,5,80
112729,5,3
113035,5,0
113161,5,1
113242,5,1
113275,5,1
113293,5,0
113308,5,2
113389,5,5
113404,5,0
113465,5,16
113929,5,0
114172,5,1
114176,5,5
11447,5,1
114472,5,0
114538,5,0
114811,5,3
115207,5,19
11534,5,0
115453,5,5
116248,5,1
116314,5,2
116389,5,1620
116749,5,1
116764,5,15
116809,5,2
116878,5,1
117691,5,9
117850,5,1
118249,5,1
118750,5,1
118792,5,5
119041,5,14
119098,5,0
11921,5,9
119563,5,2
119596,5,1
11987,5,1
120088,5,7
120238,5,4
120271,5,1
120286,5,22
120307,5,77
120347,5,239
120397,5,0
120586,5,5
120607,5,3
120685,5,1
120697,5,132
121016,5,179
121033,5,125
12104,5,0
121081,5,0
121195,5,27
121232,5,160
121417,5,7
121450,5,0
121597,5,1
121630,5,7
122044,5,21
122173,5,0
12223,5,0
122476,5,1
122488,5,1
122509,5,2
123017,5,340
123166,5,1
123499,5,3
123571,5,794
123628,5,19
123871,5,1
123928,5,20
124111,5,8
124666,5,0
124837,5,7
12485,5,6
124906,5,1
125563,5,0
125581,5,1
125935,5,2
126046,5,3
126058,5,0
126061,5,0
126175,5,0
12659,5,4
127018,5,7
127081,5,4
127162,5,0
127693,5,2
127807,5,12
127870,5,0
128284,5,9
128749,5,2
12905,5,12
129166,5,1
129257,5,77
12940,5,46
129499,5,0
13013,5,2
130168,5,0
130318,5,1
130330,5,2
13037,5,0
130397,5,54
130408,5,32
13049,5,1
13064,5,11
130696,5,0
130699,5,0
130733,5,99
130780,5,94
13085,5,4
13112,5,5
131379,5,18
131448,5,2
131451,5,0
131676,5,3
131742,5,4
131835,5,5
132051,5,2
132465,5,0
132539,5,78
132570,5,0
13282,5,52
132849,5,0
133659,5,0
133962,5,12
133980,5,25
134336,5,83
134469,5,20
134676,5,0
135033,5,26
135072,5,15
135090,5,16
135153,5,0
135273,5,13
135477,5,24
135831,5,2
135921,5,9
135963,5,1
136017,5,0
136034,5,3
136668,5,8
136692,5,1
136722,5,0
136956,5,8
137136,5,58
137175,5,7
137244,5,6
137592,5,3
137622,5,0
137649,5,73
138006,5,0
138576,5,1
138606,5,44
138645,5,0
138840,5,1
139614,5,2
139959,5,6
140250,5,1
140438,5,30
140661,5,1
140793,5,5
140862,5,0
141207,5,15
141369,5,5
141395,5,171
141885,5,0
14207,5,6
142104,5,0
142418,5,30
142422,5,5
142614,5,1
142680,5,0
142683,5,4
142782,5,0
142842,5,0
14291,5,0
143003,5,196
143196,5,5
14321,5,14
143514,5,1
143583,5,64
143867,5,0
14393,5,1
14399,5,0
144273,5,1
144420,5,10
144540,5,1
144561,5,0
14471,5,10
144954,5,1
145050,5,1
145137,5,12
145269,5,0
145284,5,778
145308,5,2
145968,5,4
146001,5,0
146043,5,1
146070,5,0
14663,5,333
146679,5,1
146967,5,139
147132,5,47
14714,5,27
147153,5,4
147185,5,262
147186,5,3
147255,5,0
147390,5,10
147420,5,17
147669,5,26
147699,5,0
147705,5,1
148053,5,3
148112,5,21
148119,5,0
148193,5,79
148272,5,12
148275,5,27
148569,5,12
148668,5,0
14920,5,9
149304,5,4
149340,5,0
149364,5,8
149598,5,39
14960,5,17
149712,5,2
149832,5,12
149943,5,0
149961,5,175
150003,5,14
150087,5,7
150126,5,51
150360,5,4
150453,5,4
150483,5,6
150516,5,0
150528,5,27
150585,5,0
150834,5,19
150905,5,25
151025,5,55
151251,5,1
151326,5,23
151374,5,22
151536,5,1
15170,5,2
151739,5,141
151776,5,285
15191,5,23
15200,5,0
152331,5,7
152439,5,1
15257,5,1
152772,5,0
152784,5,0
152949,5,0
153591,5,0
154002,5,0
154038,5,1
15413,5,1
154203,5,3
154386,5,0
154641,5,51
154815,5,1
154908,5,189
154911,5,5
155418,5,0
155478,5,2
155708,5,79
15584,5,11
156560,5,26
156561,5,0
156659,5,32
156660,5,7
156696,5,1
157848,5,4
158171,5,16
158387,5,27
158388,5,9
159354,5,2
159483,5,1
160181,5,51
16043,5,0
160626,5,3
16109,5,0
161205,5,1
161238,5,97
161340,5,5
161378,5,388
161556,5,12
161685,5,3
161850,5,2
162006,5,14
16235,5,14
16241,5,1
162744,5,20
162833,5,15
162840,5,0
162875,5,78
162900,5,2
162939,5,8
163074,5,0
163088,5,13
163290,5,2
164240,5,7
164286,5,222
16434,5,1
164346,5,124
164403,5,3
164406,5,0
164436,5,20
164484,5,34
164535,5,1
164631,5,3
164666,5,211
164703,5,2
165345,5,53
165969,5,4
165981,5,0
166068,5,0
166167,5,1
16632,5,23
166581,5,0
16659,5,2
166800,5,2
166875,5,8
166938,5,2
167001,5,0
167265,5,713
167289,5,7
167349,5,29
167376,5,22
167391,5,5
167715,5,75
167931,5,0
168348,5,21
16926,5,0
17358,5,0
17392,5,11
17523,5,0
17574,5,4
17610,5,2
1765,5,26
17667,5,1
17731,5,10
17754,5,8
17946,5,1
18030,5,28
18063,5,2
18435,5,0
18958,5,81
19170,5,7
1967,5,135
197,5,64
19869,5,30
19914,5,0
19962,5,7
19966,5,9
20088,5,101
20166,5,12
20499,5,8
21399,5,52
21570,5,0
22108,5,64
22282,5,18
22338,5,3
22344,5,153
2274,5,3
22938,5,6
23160,5,3
23571,5,2
23671,5,16
23692,5,27
23799,5,0
24018,5,0
24174,5,0
24183,5,1
24198,5,0
24222,5,2
24264,5,7
24366,5,1
24378,5,2
24528,5,26
24615,5,20
24679,5,186
24867,5,0
25455,5,0
25839,5,2
25986,5,3
25995,5,0
26079,5,6
26115,5,0
26290,5,36
26307,5,0
26427,5,6
26562,5,0
26622,5,6
26655,5,86
26667,5,9
26679,5,0
27195,5,37
27462,5,3
28026,5,5
28056,5,50
28086,5,14
28111,5,89
28113,5,13
28174,5,5
28810,5,0
28881,5,2
28887,5,9
29262,5,0
29271,5,39
29542,5,302
29751,5,0
29775,5,4
300,5,2
30087,5,2
30174,5,2
3024,5,1
30378,5,1
30442,5,0
30444,5,7
30486,5,367
30513,5,35
30567,5,224
30574,5,18
30654,5,4
30915,5,2
30918,5,24
30927,5,18
30940,5,39
30951,5,1
31275,5,0
31299,5,14
31344,5,33
31491,5,0
31683,5,0
31713,5,144
32019,5,1
32340,5,0
32439,5,2
32484,5,0
32715,5,0
32754,5,0
32782,5,2
3279,5,111
32869,5,0
33037,5,0
33133,5,0
33166,5,11
33172,5,4
33388,5,0
33796,5,17
33982,5,54
34047,5,27
34078,5,6
34108,5,3
34270,5,64
3435,5,218
34774,5,1
34894,5,1
35134,5,3
35299,5,1045
35700,5,33
35740,5,2
35788,5,1
35911,5,1
36046,5,27
36223,5,0
36379,5,544
3654,5,4
36565,5,8
36589,5,2
36844,5,0
36879,5,21
37060,5,22
37645,5,41
38095,5,3
38158,5,3
38182,5,5
38197,5,0
38341,5,43
38581,5,2
38695,5,0
38716,5,12
38758,5,0
38797,5,1
38830,5,1
38836,5,8
39133,5,1
39190,5,3
39412,5,46
39436,5,0
39709,5,1
39718,5,45
39783,5,31
39796,5,1
40173,5,22
40198,5,2
40207,5,14
40255,5,0
40438,5,1
4044,5,17
40693,5,0
41158,5,1
41590,5,21
41655,5,485
41860,5,4
41869,5,0
41884,5,0
42004,5,1
42093,5,6
42301,5,6
42355,5,49
42391,5,3
42652,5,3
42829,5,17
42853,5,0
42883,5,24
43162,5,910
43429,5,9
43918,5,10
44580,5,50
44815,5,1
45190,5,82
45247,5,5
45268,5,4
46147,5,123
46708,5,15
46750,5,0
46933,5,3
46942,5,3
46948,5,1
47134,5,0
47151,5,114
47206,5,146
47230,5,1
47335,5,9
47340,5,14
47557,5,3
47605,5,0
47623,5,3
47662,5,14
48025,5,0
48262,5,39
48277,5,3
48352,5,50
48919,5,1
49540,5,34
49573,5,291
49612,5,0
49885,5,2
50374,5,13
50389,5,12
50470,5,1
50485,5,3
50887,5,14
51262,5,9
51316,5,0
51346,5,58
5141,5,29
5219,5,9
52372,5,1
52381,5,12
52564,5,0
52678,5,0
52711,5,4
5303,5,26
53110,5,1
53116,5,7
53140,5,0
53350,5,0
53446,5,0
535,5,0
53830,5,1
54388,5,53
54469,5,1
54511,5,1
54688,5,4
54717,5,16
54732,5,0
54781,5,6
54790,5,2
54886,5,0
55159,5,5
5519,5,0
55303,5,278
55591,5,6
55608,5,131
55750,5,4
55948,5,0
55957,5,13
55966,5,81
55981,5,1
55996,5,1
56212,5,3
56647,5,0
56764,5,0
56806,5,0
56821,5,0
56845,5,0
57079,5,0
57268,5,2
57271,5,0
57274,5,22
57316,5,3
57493,5,0
57886,5,178
57943,5,2
57997,5,25
58119,5,624
58366,5,0
58372,5,0
58399,5,33
58444,5,0
58462,5,21
585,5,1
58552,5,266
58630,5,1
58959,5,63
59311,5,3
5949,5,73
59548,5,0
59590,5,1
59596,5,8
59740,5,1
60061,5,0
60096,5,4
60109,5,16
60133,5,4
60163,5,9
60358,5,0
60364,5,0
60382,5,0
60391,5,6
60604,5,3
61102,5,6
61143,5,5
61285,5,57
61294,5,1
61390,5,1
61540,5,2
61558,5,1
61561,5,167
61695,5,25
62127,5,23
62431,5,16
62479,5,1
62502,5,11
62623,5,1
62940,5,20
62964,5,221
63408,5,15
63547,5,36
63589,5,1
63652,5,14
63718,5,1
63922,5,8
64381,5,0
64477,5,0
64768,5,3
65023,5,0
65236,5,0
65271,5,59
65476,5,1
65479,5,12
65494,5,0
65517,5,14
65551,5,56
65560,5,0
65567,5,10
65578,5,0
65593,5,0
65713,5,73
6572,5,3
66220,5,2
66811,5,18
67435,5,22
67936,5,2
68077,5,5
68377,5,7
68440,5,8
68795,5,130
69106,5,50
69115,5,0
6939,5,22
70012,5,0
70120,5,1
70270,5,0
70444,5,0
70490,5,133
70588,5,7
70600,5,2
70810,5,0
71005,5,11
71152,5,3
71275,5,0
71356,5,6
71389,5,1
71449,5,1
71933,5,98
71947,5,3
72136,5,22
727,5,774
72952,5,1
73342,5,1
73432,5,9
73531,5,0
73768,5,97
74215,5,171
74479,5,143
74794,5,0
75388,5,16
75706,5,1
75742,5,3
75871,5,75
75949,5,2
76231,5,7
76240,5,19
7716,5,7
77161,5,0
77290,5,0
77314,5,86
77360,5,43
77419,5,14
78286,5,0
78346,5,60
78349,5,0
78365,5,55
78472,5,0
78476,5,83
78541,5,0
78958,5,0
79018,5,13
79066,5,2
79132,5,5
79192,5,11
79531,5,7
79645,5,2
79996,5,2
80062,5,68
80078,5,8
80251,5,0
80528,5,33
80575,5,0
80611,5,88
80665,5,9
80701,5,0
81034,5,1
81145,5,0
81196,5,0
81229,5,0
81244,5,22
81343,5,12
81356,5,21
81358,5,1
81466,5,3
81520,5,14
82025,5,9
8207,5,8
82105,5,4
8230,5,0
82606,5,5
8267,5,0
82840,5,0
82846,5,1
82894,5,0
83405,5,11
83563,5,0
83671,5,35
8393,5,19
8426,5,10
84586,5,5
84634,5,0
8474,5,6
8477,5,4
84811,5,6
84923,5,97
84988,5,1
85177,5,1
85291,5,1
85339,5,4
85567,5,0
86122,5,3
86153,5,20
86218,5,19
86311,5,0
86377,5,22
86953,5,0
87064,5,1
87067,5,0
87082,5,6
87181,5,2
87277,5,6
88120,5,8
88432,5,0
88489,5,10
8879,5,0
88831,5,2
88888,5,1
88924,5,0
88969,5,0
89009,5,20
8903,5,1
89185,5,0
89257,5,3
8933,5,6
89362,5,119
90367,5,7
90545,5,387
90619,5,0
9089,5,1
90904,5,4
91007,5,126
91183,5,3
91226,5,231
91261,5,0
91291,5,0
91402,5,0
91405,5,0
91804,5,2
92098,5,9
92137,5,0
9215,5,84
92188,5,3
92314,5,0
92536,5,2
92542,5,3
92827,5,7
92873,5,66
93019,5,0
93115,5,22
93187,5,18
93808,5,60
93881,5,14
94046,5,15
94087,5,162
94156,5,51
94171,5,0
94193,5,73
9425,5,0
94366,5,2
94414,5,1
94666,5,1
9533,5,4
9551,5,8
95722,5,0
9574,5,137
9590,5,95
9595,5,7
96025,5,0
9611,5,0
96223,5,13
96283,5,3
96460,5,5
96526,5,5
96586,5,2
9659,5,4
9689,5,0
9707,5,0
9754,5,216
97672,5,55
97819,5,0
97900,5,6
9827,5,1
99019,5,57
99049,5,0
99211,5,0
99376,5,0
99577,5,5
9964,5,270
99706,5,2
99802,5,216
99904,5,15
99920,5,74
