100015,all,1
100060,all,1
100126,all,9
100267,all,10
100840,all,0
101615,all,248
101896,all,1
102094,all,9
102362,all,88
102476,all,104
102478,all,15
102811,all,6
102955,all,0
103184,all,44
103198,all,0
10325,all,24
103261,all,12
103267,all,275
103330,all,197
103390,all,40
103580,all,361
103675,all,0
103855,all,13
104536,all,3
104764,all,9
104776,all,3
104800,all,35
104848,all,11
104890,all,1
105301,all,110
105436,all,0
105562,all,1
105613,all,0
105784,all,18
105802,all,2
105865,all,4
105932,all,50
106057,all,3
106249,all,4
106363,all,165
106634,all,77
106702,all,15
106714,all,38
107245,all,22
107446,all,0
107567,all,189
107578,all,68
107596,all,3
108124,all,1
108265,all,8
108475,all,4
108874,all,8
108958,all,30
109129,all,8
109213,all,6
10931,all,283
109336,all,0
109387,all,2
109390,all,3
10943,all,22
10949,all,0
109532,all,338
109771,all,25
10991,all,1
109945,all,27
110617,all,1
11068,all,243
110680,all,1
110906,all,122
111017,all,37
11108,all,1230
111401,all,156
111406,all,16
111931,all,2
111949,all,4
111964,all,24
112381,all,4
112540,all,8
11255,all,178
112600,all,2
112729,all,3
113035,all,0
113161,all,0
113209,all,1
113242,all,12
113275,all,10
113293,all,0
113308,all,0
113389,all,51
113404,all,1
113465,all,452
113881,all,1
113929,all,0
114172,all,6
114176,all,59
11447,all,6
114472,all,1
114538,all,4
114811,all,22
115207,all,60
11534,all,0
115453,all,15
116248,all,3
116314,all,8
116389,all,0
116749,all,22
116764,all,0
116809,all,8
116878,all,4
117691,all,15
117850,all,2
118234,all,6
118249,all,5
118750,all,16
118792,all,3
119041,all,305
119098,all,1
11921,all,60
119563,all,5
119596,all,1
11987,all,0
120088,all,14
120238,all,11
120271,all,4
120286,all,54
120307,all,359
120347,all,272
120397,all,0
120586,all,3
120607,all,0
120685,all,0
120697,all,21
121016,all,2027
121033,all,80
12104,all,1
121081,all,57
121195,all,2
121232,all,315
121417,all,8
121450,all,651
121597,all,4
121630,all,19
122044,all,53
122173,all,8
12223,all,0
122476,all,2
122488,all,0
122509,all,8
123017,all,226
123166,all,0
123499,all,8
123571,all,0
123628,all,39
123871,all,12
123928,all,10
124111,all,29
124666,all,17
124837,all,73
12485,all,11
124906,all,8
125563,all,0
125581,all,8
125899,all,1
125935,all,9
126046,all,15
126058,all,4
126061,all,2
126175,all,3
12659,all,45
127018,all,41
127081,all,0
127162,all,1
127534,all,2
127693,all,2
127807,all,4
127870,all,1
128284,all,23
128749,all,15
12905,all,24
129166,all,4
129257,all,2
12940,all,48
129499,all,3
13013,all,3
130168,all,6
130318,all,3
130330,all,1
13037,all,1
130397,all,74
130408,all,135
13049,all,8
13064,all,51
130696,all,7
130699,all,17
130733,all,73
130780,all,0
13085,all,16
13112,all,38
131379,all,44
131442,all,0
131448,all,10
131451,all,2
131676,all,4
131742,all,10
131835,all,5
131934,all,4
132051,all,7
132465,all,14
132539,all,32
132570,all,17
13282,all,147
132849,all,0
133659,all,1
133962,all,78
133980,all,170
134336,all,258
134391,all,1
134469,all,69
134676,all,4
135033,all,21
135072,all,34
135090,all,2
135153,all,1
135273,all,43
135477,all,0
135831,all,8
135921,all,30
135963,all,10
136017,all,8
136034,all,91
136668,all,9
136692,all,0
136722,all,12
136956,all,23
137136,all,12
137175,all,8
137244,all,13
137592,all,13
137622,all,1
137649,all,109
138006,all,35
138576,all,5
138606,all,158
138645,all,1
138840,all,19
139254,all,1
139614,all,94
139959,all,0
140181,all,5
140250,all,6
140438,all,58
140661,all,13
140793,all,5
140862,all,11
141207,all,0
141369,all,13
141395,all,290
141885,all,12
14207,all,30
142104,all,76
142418,all,108
142422,all,0
142614,all,3
142680,all,0
142683,all,20
142782,all,14
142842,all,7
14291,all,1
143003,all,546
143196,all,23
14321,all,0
143514,all,0
143583,all,53
143867,all,17
14393,all,27
14399,all,11
144273,all,0
144420,all,19
144540,all,3
144561,all,10
14471,all,13
144954,all,0
145050,all,18
145137,all,11
145269,all,11
145284,all,0
145308,all,10
145968,all,0
146001,all,4
146043,all,11
146070,all,2
14663,all,0
146679,all,9
146967,all,73
147132,all,0
14714,all,0
147153,all,15
147185,all,1030
147186,all,25
147255,all,1
147390,all,6
147420,all,394
147669,all,24
147699,all,7
147705,all,19
148053,all,20
148112,all,46
148119,all,3
148193,all,217
148272,all,8
148275,all,32
148569,all,47
148668,all,15
14920,all,101
149304,all,9
149340,all,2
149364,all,3
149598,all,8
14960,all,49
149712,all,8
149832,all,456
149943,all,2
149961,all,1640
150003,all,3
150087,all,37
150126,all,282
150360,all,0
150453,all,0
150483,all,34
150516,all,3
150528,all,552
150585,all,26
150834,all,8
150905,all,73
151025,all,291
151251,all,2
151326,all,116
151374,all,89
151536,all,15
15170,all,42
151739,all,564
151776,all,1018
15191,all,117
15200,all,0
152331,all,96
152439,all,1
15257,all,3
152772,all,122
152784,all,234
152787,all,0
152949,all,3
153591,all,6
154002,all,23
154038,all,1
15413,all,1
154203,all,2
154386,all,2
154641,all,132
154800,all,2
154815,all,14
154908,all,0
154911,all,0
155418,all,1
155478,all,9
155708,all,71
15584,all,39
156560,all,49
156561,all,11
156659,all,87
156660,all,21
156696,all,1
156702,all,4
157848,all,55
158171,all,127
158387,all,72
158388,all,15
159354,all,3
159483,all,15
160181,all,1
16043,all,50
160626,all,18
16109,all,0
161205,all,2
161238,all,33
161340,all,9
161378,all,1314
161556,all,9
161685,all,5
161850,all,6
162006,all,0
162171,all,5
16235,all,6
16241,all,92
162744,all,15
162833,all,79
162840,all,7
162875,all,154
162900,all,23
162939,all,27
163074,all,50
163088,all,66
163290,all,4
164240,all,78
164286,all,0
16434,all,15
164346,all,0
164403,all,4
164406,all,0
164436,all,12
164484,all,122
164535,all,5
164631,all,27
164666,all,327
164703,all,9
165345,all,76
165969,all,10
165981,all,12
166068,all,1
166167,all,11
16632,all,175
166581,all,0
16659,all,30
166800,all,5
166875,all,0
166938,all,8
167001,all,22
167265,all,425
167289,all,0
167349,all,3
167376,all,34
167391,all,8
167715,all,640
167931,all,3
168348,all,37
16926,all,9
17199,all,1
17358,all,0
17392,all,61
17523,all,0
17574,all,2
17610,all,2
1765,all,32
17667,all,5
17731,all,28
17754,all,1
17946,all,3
18030,all,9
18063,all,1
18435,all,0
18958,all,614
19170,all,11
1967,all,72
197,all,50
19869,all,285
19914,all,2
19962,all,9
19966,all,31
20088,all,142
20166,all,20
20499,all,9
21399,all,91
21570,all,8
22108,all,198
22282,all,185
22338,all,39
22344,all,276
2274,all,6
22938,all,19
23160,all,7
23571,all,16
23671,all,113
23692,all,287
23799,all,0
24018,all,2
24174,all,916
24183,all,1
24198,all,15
24222,all,19
24264,all,6
24366,all,1
24378,all,10
24528,all,36
24615,all,47
24679,all,325
24867,all,4
25455,all,1
25839,all,13
25986,all,3
25995,all,9
26079,all,6
26115,all,2
26290,all,26
26307,all,0
26427,all,12
26562,all,5
26622,all,27
26655,all,22
26667,all,0
26679,all,11
27195,all,166
27462,all,8
28026,all,0
28056,all,103
28086,all,15
28111,all,106
28113,all,84
28174,all,133
28810,all,82
28881,all,74
28887,all,53
29262,all,78
29271,all,212
29542,all,1031
29631,all,3
29751,all,0
29775,all,0
300,all,26
30087,all,4
30174,all,45
3024,all,3
30378,all,2
30442,all,91
30444,all,14
30486,all,272
30513,all,99
30567,all,0
30574,all,51
30654,all,0
30915,all,1
30918,all,18
30927,all,33
30940,all,159
30951,all,5
31026,all,0
31275,all,3
31299,all,51
31344,all,30
31491,all,2
31683,all,50
31713,all,607
31938,all,1
32019,all,12
32340,all,11
32439,all,7
32484,all,171
32715,all,0
32754,all,24
32782,all,15
3279,all,210
32869,all,5
33037,all,0
33133,all,0
33166,all,42
33172,all,9
33388,all,2
33796,all,19
33982,all,185
34047,all,73
34078,all,12
34108,all,4
34270,all,137
3435,all,907
34774,all,10
34894,all,2
35134,all,20
35299,all,309
35700,all,286
35740,all,1
35788,all,5
35911,all,3
36046,all,60
36223,all,0
36379,all,645
3654,all,23
36565,all,20
36589,all,4
36844,all,6
36879,all,108
37060,all,255
37645,all,217
38095,all,15
38158,all,11
38182,all,15
38197,all,3
38341,all,31
38581,all,3
38638,all,2
38647,all,1
38695,all,6
38716,all,3
38758,all,12
38797,all,4
38830,all,7
38836,all,18
39133,all,19
39190,all,93
39412,all,31
39436,all,12
39709,all,0
39718,all,175
39783,all,87
39796,all,9
40173,all,38
40198,all,0
40207,all,18
40255,all,1
40438,all,2
4044,all,0
40693,all,1
41158,all,6
41590,all,28
41655,all,1651
41860,all,6
41869,all,15
41884,all,1
42004,all,2
42093,all,107
42301,all,187
42355,all,0
42391,all,5
42652,all,4
42829,all,182
42853,all,2
42883,all,76
43162,all,0
43429,all,9
43918,all,46
44580,all,105
44815,all,0
45190,all,140
45223,all,9
45247,all,0
45268,all,0
46147,all,239
46708,all,192
46750,all,2
46933,all,32
46942,all,21
46948,all,4
47134,all,6
47151,all,344
47206,all,53
47230,all,1
47335,all,14
47340,all,43
47557,all,29
47605,all,4
47623,all,0
47662,all,26
48025,all,246
48262,all,390
48277,all,8
48352,all,122
48919,all,2
49540,all,14
49573,all,134
49612,all,10
49732,all,4
49885,all,27
50374,all,27
50389,all,32
50470,all,1
50485,all,18
50887,all,521
51007,all,2
51262,all,11
51316,all,5
51346,all,18
5141,all,155
51412,all,6
5219,all,164
52372,all,7
52381,all,97
52564,all,22
52645,all,1
52678,all,15
52711,all,0
5303,all,0
53110,all,7
53116,all,3
53140,all,1
53350,all,13
53446,all,34
535,all,36
53830,all,3
54388,all,111
54469,all,0
54511,all,6
54661,all,1
54688,all,14
54717,all,151
54732,all,126
54781,all,6
54790,all,14
54886,all,0
55159,all,21
5519,all,33
55303,all,199
55318,all,4
55591,all,14
55608,all,142
55750,all,0
55948,all,1
55957,all,0
55966,all,267
55981,all,1
55996,all,1
56212,all,22
56647,all,2
56764,all,6
56797,all,1
56806,all,1
56821,all,4
56845,all,2
57079,all,3
57268,all,6
57271,all,2
57274,all,83
57316,all,20
57493,all,4
57886,all,49
57943,all,4
57997,all,0
58119,all,853
58366,all,2
58372,all,7
58399,all,0
58444,all,6
58462,all,0
585,all,47
58552,all,246
58630,all,15
58959,all,326
59311,all,7
5949,all,136
59548,all,1
59590,all,1
59596,all,63
59740,all,3
60061,all,0
60096,all,44
60109,all,88
60133,all,0
60163,all,84
60358,all,1
60364,all,5
60382,all,1
60391,all,11
60604,all,11
61102,all,1
61143,all,203
61285,all,335
61294,all,5
61390,all,2
61540,all,6
61558,all,2
61561,all,820
61695,all,41
62127,all,29
62431,all,224
62479,all,4
62502,all,62
62623,all,8
62940,all,7
62964,all,260
63408,all,98
63547,all,114
63589,all,3
63652,all,22
63670,all,3
63718,all,3
63922,all,72
64381,all,1354
64477,all,2
64768,all,30
64948,all,0
65023,all,1
65236,all,3
65271,all,338
65476,all,10
65479,all,29
65494,all,9
65517,all,71
65551,all,63
65560,all,1
65567,all,52
65578,all,161
65593,all,6
65713,all,118
6572,all,4
65836,all,3
66220,all,5
66811,all,8
67435,all,0
67936,all,17
68077,all,21
68377,all,38
68440,all,39
68795,all,211
69106,all,190
69115,all,11
6939,all,131
70012,all,1
70120,all,0
70270,all,0
70444,all,2
70474,all,1
70490,all,157
70522,all,3
70588,all,24
70600,all,8
70810,all,8
71005,all,15
71152,all,65
71275,all,16
71356,all,29
71389,all,2
71449,all,8
71933,all,109
71947,all,13
72136,all,36
72667,all,7
727,all,0
72952,all,1
73342,all,0
73432,all,5
73531,all,2
73768,all,0
74215,all,627
74479,all,83
74794,all,5
75388,all,9
75706,all,8
75742,all,13
75871,all,166
75949,all,1
76231,all,45
76240,all,174
77017,all,1
7716,all,73
77161,all,44
77290,all,8
77314,all,54
77360,all,0
77419,all,17
78286,all,2
78346,all,67
78349,all,0
78365,all,906
78472,all,0
78476,all,287
78541,all,23
78958,all,5
79018,all,8
79066,all,3
79132,all,23
79192,all,56
79276,all,1
79531,all,23
79645,all,4
79996,all,1
80062,all,39
80078,all,45
80251,all,2
80528,all,173
80575,all,2
80611,all,265
80665,all,6
80701,all,1
81034,all,2
81145,all,1
81196,all,1
81229,all,1
81244,all,50
81343,all,82
81356,all,145
81358,all,0
81466,all,27
81520,all,76
82025,all,89
8207,all,0
82105,all,3
8230,all,368
82606,all,75
8267,all,1
82840,all,3
82846,all,22
82894,all,6
83405,all,82
83563,all,2
83671,all,287
8393,all,22
8426,all,57
84556,all,1
84586,all,2
84634,all,14
8474,all,5
84763,all,2
8477,all,0
84811,all,16
84923,all,327
84988,all,4
85177,all,2
85291,all,6
85339,all,13
85567,all,22
85852,all,1
86122,all,12
86153,all,74
86218,all,4
86311,all,104
86377,all,15
86953,all,0
87064,all,2
87067,all,0
87082,all,0
87181,all,3
87277,all,82
88120,all,12
88432,all,1
88489,all,1
8879,all,3
88831,all,0
88888,all,3
88924,all,0
88969,all,2
89009,all,80
8903,all,4
89185,all,464
89257,all,5
8933,all,26
89362,all,50
90367,all,2
90545,all,345
90619,all,0
9089,all,1
90904,all,3
91007,all,71
91183,all,58
91226,all,278
91261,all,11
91291,all,2
91402,all,12
91405,all,0
91804,all,4
92098,all,55
92137,all,1
9215,all,55
92188,all,45
92314,all,3
92536,all,5
92542,all,10
92827,all,21
92873,all,188
93019,all,17
93115,all,0
93187,all,57
93808,all,0
93881,all,174
94046,all,62
94087,all,0
94156,all,1389
94171,all,2
94193,all,319
9425,all,4
94366,all,18
94414,all,0
94666,all,6
9533,all,10
9551,all,69
95722,all,5
9574,all,225
9590,all,598
9595,all,36
96025,all,1
9611,all,1
96223,all,42
96283,all,31
96460,all,27
96526,all,0
96586,all,12
9659,all,0
96688,all,4
9689,all,159
9707,all,2
9754,all,10
97672,all,65
97819,all,189
97900,all,38
9827,all,7
99019,all,124
99049,all,4
99211,all,2
99376,all,78
99577,all,5
9964,all,35
99706,all,1
99802,all,0
99904,all,87
99920,all,0
100015,1,0
100060,1,1
100126,1,1
100267,1,0
100840,1,0
101615,1,38
101896,1,0
102094,1,2
102362,1,5
102476,1,8
102478,1,4
102811,1,5
102955,1,0
103184,1,12
103198,1,0
10325,1,2
103261,1,1
103267,1,60
103330,1,15
103390,1,12
103580,1,51
103675,1,0
103855,1,1
104536,1,0
104764,1,4
104776,1,0
104800,1,7
104848,1,0
104890,1,0
105301,1,22
105436,1,0
105562,1,0
105613,1,0
105784,1,3
105802,1,1
105865,1,0
105932,1,1
106249,1,0
106363,1,4
106634,1,2
106702,1,7
106714,1,0
107245,1,2
107446,1,0
107567,1,39
107578,1,8
107596,1,0
108124,1,1
108265,1,1
108475,1,2
108874,1,0
108958,1,8
109129,1,0
109213,1,0
10931,1,49
109336,1,0
109387,1,0
109390,1,0
10943,1,4
10949,1,1
109532,1,56
109771,1,0
10991,1,0
109945,1,11
110617,1,0
11068,1,37
110680,1,1
110906,1,15
111017,1,6
11108,1,326
111401,1,42
111406,1,5
111931,1,0
111949,1,0
111964,1,19
112540,1,0
11255,1,42
112729,1,0
113035,1,0
113161,1,0
113242,1,5
113275,1,6
113293,1,0
113308,1,0
113389,1,6
113404,1,0
113465,1,50
113881,1,0
113929,1,0
114172,1,0
114176,1,0
11447,1,2
114472,1,0
114538,1,0
114811,1,3
115207,1,9
11534,1,0
115453,1,0
116248,1,2
116314,1,0
116389,1,0
116749,1,3
116764,1,0
116809,1,0
116878,1,1
117691,1,6
118234,1,1
118750,1,8
118792,1,0
119041,1,61
119098,1,0
11921,1,7
119563,1,0
119596,1,0
11987,1,0
120088,1,2
120238,1,1
120271,1,2
120286,1,20
120307,1,69
120347,1,47
120397,1,1
120586,1,3
120607,1,0
120685,1,0
120697,1,10
121016,1,269
121033,1,30
12104,1,0
121081,1,11
121232,1,23
121417,1,1
121450,1,68
121597,1,0
121630,1,2
122044,1,5
122173,1,1
12223,1,0
122476,1,0
122509,1,2
123017,1,54
123499,1,0
123571,1,0
123628,1,3
123871,1,2
123928,1,1
124111,1,2
124666,1,1
124837,1,22
12485,1,2
124906,1,4
125563,1,0
125581,1,1
125899,1,0
125935,1,0
126046,1,3
126058,1,0
126061,1,0
126175,1,1
12659,1,4
127018,1,5
127081,1,0
127693,1,1
127807,1,0
127870,1,0
128284,1,1
128749,1,0
12905,1,5
129257,1,3
12940,1,0
129499,1,1
13013,1,0
130168,1,1
130318,1,2
130330,1,0
130397,1,11
130408,1,4
13049,1,1
13064,1,31
130696,1,0
130699,1,2
130733,1,22
130780,1,0
13085,1,0
13112,1,9
131379,1,3
131448,1,0
131451,1,1
131676,1,0
131742,1,3
131835,1,1
131934,1,0
132051,1,0
132465,1,2
132539,1,2
132570,1,0
13282,1,34
132849,1,0
133962,1,16
133980,1,34
134336,1,41
134469,1,8
134676,1,2
135033,1,4
135072,1,4
135153,1,0
135273,1,8
135477,1,0
135831,1,5
135921,1,4
135963,1,1
136017,1,0
136034,1,11
136668,1,0
136692,1,0
136722,1,4
136956,1,3
137136,1,7
137175,1,1
137244,1,1
137592,1,3
137622,1,0
137649,1,22
138006,1,8
138576,1,0
138606,1,22
138645,1,0
138840,1,4
139254,1,0
139614,1,41
139959,1,0
140181,1,0
140250,1,1
140438,1,4
140661,1,4
140793,1,0
140862,1,0
141207,1,0
141369,1,1
141395,1,36
141885,1,4
14207,1,0
142104,1,17
142418,1,39
142422,1,0
142614,1,0
142680,1,0
142683,1,0
142782,1,1
142842,1,0
14291,1,0
143003,1,108
143196,1,5
14321,1,0
143514,1,1
143583,1,23
143867,1,0
14393,1,19
14399,1,2
144273,1,0
144420,1,4
144540,1,0
144561,1,0
14471,1,0
144954,1,0
145050,1,2
145137,1,4
145269,1,8
145284,1,0
145308,1,1
145968,1,0
146001,1,2
146043,1,1
146070,1,0
14663,1,0
146679,1,0
146967,1,9
147132,1,0
14714,1,0
147153,1,7
147185,1,211
147186,1,2
147255,1,0
147390,1,3
147420,1,57
147669,1,1
147699,1,1
147705,1,1
148053,1,0
148112,1,11
148119,1,0
148193,1,32
148272,1,0
148275,1,4
148569,1,10
148668,1,1
14920,1,17
149304,1,0
149340,1,0
149364,1,1
149598,1,6
14960,1,2
149712,1,4
149832,1,109
149943,1,0
149961,1,262
150003,1,0
150087,1,6
150126,1,75
150360,1,2
150453,1,0
150483,1,4
150516,1,0
150528,1,126
150585,1,0
150834,1,0
150905,1,15
151025,1,101
151251,1,0
151326,1,7
151374,1,10
151536,1,1
15170,1,2
151739,1,125
151776,1,256
15191,1,23
15200,1,1
152331,1,12
152439,1,0
15257,1,0
152772,1,9
152784,1,50
153591,1,0
154002,1,0
15413,1,1
154203,1,0
154641,1,25
154800,1,1
154815,1,3
154908,1,0
154911,1,2
155418,1,0
155478,1,3
155708,1,18
15584,1,7
156560,1,8
156561,1,2
156659,1,53
156660,1,7
156702,1,1
157848,1,15
158171,1,41
158387,1,11
158388,1,0
159354,1,0
159483,1,6
160181,1,8
16043,1,4
160626,1,0
16109,1,0
161205,1,2
161238,1,0
161340,1,0
161378,1,223
161556,1,2
161685,1,1
161850,1,2
162006,1,0
16235,1,0
16241,1,70
162744,1,1
162833,1,11
162840,1,4
162875,1,23
162900,1,4
162939,1,6
163074,1,14
163088,1,11
163290,1,0
164240,1,39
164286,1,0
164346,1,0
164403,1,0
164406,1,0
164436,1,2
164484,1,41
164535,1,0
164631,1,2
164666,1,64
164703,1,1
165345,1,11
165969,1,0
165981,1,6
166068,1,0
166167,1,0
16632,1,55
166581,1,0
16659,1,4
166800,1,1
166875,1,0
166938,1,0
167001,1,5
167265,1,65
167289,1,1
167349,1,0
167376,1,4
167391,1,0
167715,1,104
167931,1,2
168348,1,3
16926,1,4
17358,1,0
17392,1,9
17523,1,5
17574,1,1
1765,1,7
17667,1,1
17731,1,0
17754,1,0
17946,1,0
18030,1,0
18063,1,0
18435,1,0
18958,1,89
19170,1,0
1967,1,5
197,1,16
19869,1,34
19962,1,2
19966,1,4
20088,1,29
20166,1,1
20499,1,1
21399,1,18
21570,1,2
22108,1,18
22282,1,53
22338,1,8
22344,1,37
2274,1,2
22938,1,0
23160,1,0
23571,1,1
23671,1,15
23692,1,62
24174,1,73
24183,1,0
24198,1,6
24222,1,8
24264,1,0
24366,1,0
24378,1,1
24528,1,9
24615,1,15
24679,1,30
24867,1,2
25455,1,1
25839,1,0
25986,1,0
25995,1,9
26115,1,0
26290,1,0
26307,1,0
26427,1,3
26562,1,0
26622,1,9
26655,1,3
26667,1,0
26679,1,2
27195,1,22
27462,1,3
28026,1,0
28056,1,13
28086,1,2
28111,1,24
28113,1,14
28174,1,24
28810,1,25
28881,1,17
28887,1,2
29262,1,0
29271,1,18
29542,1,207
29751,1,0
29775,1,1
300,1,4
30087,1,1
30174,1,1
3024,1,0
30442,1,10
30444,1,0
30486,1,16
30513,1,10
30567,1,0
30574,1,6
30654,1,0
30915,1,0
30918,1,2
30927,1,4
30940,1,16
31275,1,1
31299,1,6
31344,1,3
31491,1,0
31683,1,8
31713,1,184
32019,1,0
32340,1,1
32439,1,0
32484,1,33
32754,1,2
32782,1,1
3279,1,29
32869,1,3
33037,1,0
33133,1,0
33166,1,5
33172,1,1
33388,1,0
33796,1,1
33982,1,65
34047,1,8
34078,1,2
34108,1,0
34270,1,16
3435,1,109
34774,1,1
34894,1,0
35134,1,0
35299,1,61
35700,1,0
35740,1,1
35788,1,1
36046,1,6
36223,1,0
36379,1,64
3654,1,0
36565,1,10
36589,1,1
36844,1,1
36879,1,14
37060,1,45
37645,1,49
38095,1,7
38158,1,0
38182,1,1
38197,1,0
38341,1,2
38581,1,0
38695,1,0
38716,1,0
38758,1,1
38797,1,1
38830,1,0
38836,1,6
39133,1,0
39190,1,22
39412,1,13
39436,1,1
39709,1,0
39718,1,38
39783,1,24
39796,1,0
40173,1,0
40198,1,0
40207,1,0
40255,1,0
40438,1,0
4044,1,0
40693,1,0
41158,1,0
41590,1,1
41655,1,226
41860,1,0
41869,1,5
42004,1,0
42093,1,15
42301,1,19
42355,1,0
42391,1,0
42652,1,2
42829,1,22
42853,1,0
42883,1,0
43162,1,0
43429,1,3
43918,1,9
44580,1,10
44815,1,0
45190,1,4
45247,1,0
45268,1,0
46147,1,35
46708,1,58
46750,1,0
46933,1,5
46942,1,2
46948,1,1
47134,1,2
47151,1,131
47206,1,7
47230,1,0
47335,1,1
47340,1,8
47557,1,4
47605,1,0
47623,1,0
47662,1,1
48025,1,106
48262,1,79
48277,1,0
48352,1,14
48919,1,0
49540,1,0
49573,1,26
49612,1,0
49885,1,2
50374,1,5
50389,1,8
50470,1,0
50485,1,9
50887,1,112
51007,1,0
51262,1,1
51316,1,1
51346,1,5
5141,1,24
5219,1,21
52372,1,2
52381,1,9
52564,1,4
52678,1,2
52711,1,0
5303,1,0
53110,1,0
53116,1,0
53140,1,0
53350,1,6
53446,1,5
535,1,3
54388,1,11
54469,1,0
54511,1,1
54661,1,0
54688,1,0
54717,1,16
54732,1,22
54781,1,0
54790,1,2
54886,1,0
55159,1,2
5519,1,0
55303,1,50
55318,1,3
55591,1,0
55608,1,14
55750,1,0
55948,1,0
55957,1,0
55966,1,37
55981,1,0
56212,1,2
56647,1,0
56764,1,0
56797,1,0
56806,1,0
56821,1,0
56845,1,0
57079,1,0
57268,1,0
57271,1,0
57274,1,36
57316,1,0
57493,1,0
57886,1,29
57943,1,3
57997,1,0
58119,1,117
58372,1,2
58399,1,0
58444,1,0
58462,1,0
585,1,7
58552,1,56
58630,1,5
58959,1,58
59311,1,1
5949,1,13
59590,1,0
59596,1,18
59740,1,1
60061,1,0
60096,1,5
60109,1,35
60133,1,0
60163,1,20
60364,1,1
60382,1,0
60391,1,2
60604,1,1
61102,1,1
61143,1,58
61285,1,62
61294,1,0
61390,1,0
61540,1,0
61561,1,275
61695,1,5
62127,1,5
62431,1,53
62502,1,11
62623,1,2
62940,1,2
62964,1,103
63408,1,26
63547,1,20
63589,1,0
63652,1,2
63670,1,1
63718,1,1
63922,1,6
64381,1,177
64477,1,0
64768,1,1
64948,1,0
65023,1,0
65236,1,0
65271,1,58
65476,1,1
65479,1,5
65494,1,2
65517,1,5
65551,1,9
65560,1,0
65567,1,12
65578,1,6
65593,1,0
65713,1,14
6572,1,1
65836,1,0
66220,1,0
66811,1,2
67435,1,0
67936,1,2
68077,1,4
68377,1,2
68440,1,11
68795,1,68
69106,1,26
69115,1,0
6939,1,42
70012,1,1
70120,1,1
70270,1,0
70474,1,0
70490,1,12
70522,1,1
70588,1,3
70600,1,2
70810,1,3
71005,1,4
71152,1,12
71275,1,8
71356,1,4
71389,1,1
71449,1,0
71933,1,21
71947,1,2
72136,1,1
72667,1,1
727,1,0
72952,1,0
73342,1,1
73432,1,2
73531,1,0
73768,1,0
74215,1,99
74479,1,11
74794,1,0
75388,1,3
75706,1,1
75742,1,3
75871,1,45
75949,1,0
76231,1,16
76240,1,51
7716,1,4
77161,1,8
77290,1,0
77314,1,3
77360,1,0
77419,1,2
78286,1,0
78346,1,0
78349,1,0
78365,1,128
78476,1,62
78541,1,2
78958,1,0
79018,1,3
79066,1,0
79132,1,2
79192,1,9
79531,1,5
79645,1,0
79996,1,0
80062,1,11
80078,1,13
80251,1,0
80528,1,19
80575,1,1
80611,1,55
80665,1,0
80701,1,0
81145,1,0
81196,1,1
81229,1,0
81244,1,5
81343,1,6
81356,1,38
81466,1,11
81520,1,17
82025,1,1
8207,1,0
82105,1,3
8230,1,64
82606,1,5
8267,1,0
82840,1,1
82846,1,2
82894,1,0
83405,1,14
83563,1,0
83671,1,23
8393,1,3
8426,1,12
84556,1,1
84586,1,0
84634,1,2
8474,1,1
84763,1,1
8477,1,0
84811,1,0
84923,1,58
84988,1,0
85177,1,0
85291,1,2
85339,1,2
85567,1,0
85852,1,0
86122,1,0
86153,1,8
86218,1,2
86311,1,5
86377,1,0
86953,1,0
87067,1,0
87082,1,0
87181,1,3
87277,1,9
88120,1,0
88432,1,0
88489,1,0
8879,1,0
88831,1,0
88924,1,0
88969,1,0
89009,1,15
8903,1,0
89185,1,54
89257,1,0
8933,1,5
89362,1,0
90367,1,2
90545,1,20
90619,1,0
9089,1,0
90904,1,0
91007,1,12
91183,1,2
91226,1,49
91261,1,0
91291,1,0
91402,1,0
91804,1,0
92098,1,19
92137,1,0
9215,1,4
92188,1,4
92314,1,0
92536,1,1
92542,1,3
92827,1,2
92873,1,45
93019,1,4
93115,1,0
93187,1,10
93808,1,0
93881,1,41
94046,1,4
94087,1,0
94156,1,135
94171,1,1
94193,1,82
9425,1,0
94366,1,6
94414,1,0
94666,1,1
9533,1,2
9551,1,11
95722,1,0
9574,1,16
9590,1,161
9595,1,20
9611,1,0
96223,1,4
96283,1,13
96460,1,4
96526,1,1
96586,1,2
9659,1,0
9689,1,41
9707,1,0
9754,1,0
97672,1,44
97819,1,33
97900,1,4
9827,1,3
99019,1,13
99049,1,1
99376,1,0
99577,1,1
9964,1,74
99706,1,0
99802,1,0
99904,1,22
99920,1,0
100015,2,0
100126,2,0
100267,2,0
100840,2,1
101615,2,14
101896,2,1
102094,2,0
102362,2,13
102476,2,13
102478,2,0
102811,2,0
102955,2,29
103184,2,3
103198,2,0
10325,2,4
103261,2,0
103267,2,31
103330,2,14
103390,2,10
103580,2,114
103675,2,0
103855,2,0
104536,2,0
104764,2,0
104776,2,0
104800,2,8
104848,2,3
104890,2,0
105301,2,2
105436,2,0
105613,2,0
105784,2,0
105802,2,0
105865,2,1
105932,2,11
106057,2,1
106249,2,2
106363,2,4
106634,2,11
106702,2,1
106714,2,0
107245,2,2
107446,2,0
107567,2,46
107578,2,9
107596,2,2
108265,2,3
108475,2,0
108958,2,2
109129,2,0
109213,2,1
10931,2,29
109336,2,0
109387,2,0
109390,2,2
10943,2,12
10949,2,1
109532,2,44
109771,2,0
10991,2,0
109945,2,0
11068,2,34
110680,2,0
110906,2,29
111017,2,3
11108,2,119
111401,2,30
111406,2,1
111931,2,0
111949,2,1
111964,2,2
112540,2,2
11255,2,40
112729,2,1
113035,2,0
113161,2,1
113209,2,1
113242,2,1
113275,2,1
113293,2,0
113308,2,1
113389,2,4
113404,2,0
113465,2,125
113929,2,0
114176,2,21
11447,2,0
114472,2,1
114538,2,2
114811,2,3
115207,2,2
11534,2,0
115453,2,1
116314,2,0
116389,2,0
116749,2,5
116764,2,0
116809,2,1
116878,2,0
117691,2,0
117850,2,0
118234,2,3
118249,2,4
118750,2,1
118792,2,0
119041,2,4
119098,2,0
11921,2,0
119563,2,1
119596,2,0
11987,2,0
120088,2,1
120238,2,2
120271,2,0
120286,2,5
120307,2,37
120347,2,31
120397,2,4
120586,2,0
120607,2,0
120685,2,0
120697,2,8
121016,2,310
121033,2,0
12104,2,0
121081,2,7
121195,2,1
121232,2,32
121417,2,2
121450,2,41
121597,2,0
121630,2,6
122044,2,0
122173,2,2
12223,2,0
122476,2,0
122509,2,0
123017,2,56
123499,2,4
123571,2,0
123628,2,8
123871,2,0
123928,2,2
124111,2,0
124666,2,2
124837,2,3
12485,2,2
124906,2,0
125563,2,0
125581,2,3
125899,2,0
125935,2,1
126046,2,0
126058,2,0
126175,2,1
12659,2,3
127018,2,5
127081,2,0
127693,2,0
127807,2,1
127870,2,0
128284,2,5
128749,2,2
12905,2,0
129166,2,0
129257,2,10
12940,2,8
129499,2,2
13013,2,0
130168,2,2
130318,2,0
130330,2,0
13037,2,0
130397,2,21
130408,2,36
13049,2,0
13064,2,0
130696,2,1
130699,2,0
130733,2,12
130780,2,1
13085,2,2
13112,2,4
131379,2,4
131448,2,1
131451,2,0
131676,2,1
131742,2,0
131835,2,1
131934,2,0
132051,2,0
132465,2,0
132539,2,16
132570,2,16
13282,2,4
132849,2,0
133962,2,6
133980,2,16
134336,2,47
134469,2,7
134676,2,0
135033,2,2
135090,2,0
135273,2,14
135477,2,0
135831,2,1
135921,2,4
135963,2,0
136017,2,2
136034,2,5
136668,2,0
136692,2,0
136722,2,0
136956,2,3
137136,2,3
137175,2,0
137244,2,2
137592,2,1
137622,2,0
137649,2,4
138006,2,4
138576,2,1
138606,2,0
138645,2,0
138840,2,1
139614,2,1
139959,2,0
140181,2,0
140250,2,1
140438,2,10
140661,2,1
140793,2,0
141207,2,0
141369,2,2
141395,2,72
141885,2,0
14207,2,12
142104,2,16
142418,2,14
142422,2,0
142614,2,3
142680,2,0
142683,2,0
142782,2,1
142842,2,1
143003,2,96
143196,2,2
14321,2,0
143514,2,0
143583,2,5
143867,2,0
14393,2,2
14399,2,3
144273,2,0
144420,2,8
144540,2,0
144561,2,2
14471,2,3
144954,2,0
145050,2,1
145137,2,0
145269,2,0
145284,2,0
145308,2,2
145968,2,0
146001,2,1
146043,2,0
146070,2,0
14663,2,52
146679,2,5
146967,2,0
147132,2,0
14714,2,0
147153,2,5
147185,2,75
147186,2,2
147255,2,1
147390,2,0
147420,2,22
147669,2,0
147699,2,0
147705,2,1
148053,2,0
148112,2,4
148193,2,48
148272,2,0
148275,2,8
148569,2,1
148668,2,1
14920,2,34
149304,2,0
149340,2,0
149364,2,0
149598,2,1
14960,2,12
149712,2,1
149832,2,46
149943,2,0
149961,2,200
150003,2,0
150087,2,5
150126,2,60
150360,2,0
150453,2,0
150483,2,12
150516,2,1
150528,2,83
150585,2,2
150834,2,0
150905,2,2
151025,2,42
151251,2,0
151326,2,9
151374,2,29
151536,2,0
15170,2,0
151739,2,192
151776,2,325
15191,2,14
15200,2,0
152331,2,18
152439,2,1
152772,2,0
152784,2,31
153591,2,0
154002,2,4
15413,2,0
154203,2,0
154641,2,24
154815,2,0
154908,2,0
154911,2,0
155478,2,4
155708,2,18
15584,2,2
156560,2,1
156561,2,6
156659,2,4
156660,2,2
156702,2,4
157848,2,6
158171,2,9
158387,2,10
158388,2,0
159354,2,0
159483,2,2
160181,2,2
16043,2,16
16109,2,0
161205,2,0
161238,2,9
161340,2,0
161378,2,212
161556,2,0
161685,2,0
161850,2,0
162006,2,0
16235,2,2
16241,2,7
162744,2,6
162833,2,12
162840,2,2
162875,2,8
162900,2,4
162939,2,6
163074,2,8
163088,2,11
163290,2,0
164240,2,0
164286,2,45
16434,2,1
164346,2,13
164403,2,0
164406,2,0
164436,2,3
164484,2,21
164535,2,2
164631,2,4
164666,2,52
164703,2,0
165345,2,14
165969,2,1
165981,2,1
166068,2,0
166167,2,2
16632,2,28
166581,2,0
16659,2,4
166800,2,1
166875,2,0
166938,2,4
167001,2,2
167265,2,104
167289,2,1
167349,2,1
167376,2,5
167391,2,3
167715,2,86
167931,2,0
168348,2,3
16926,2,4
17199,2,1
17358,2,0
17392,2,17
17523,2,5
17574,2,1
1765,2,2
17667,2,1
17731,2,2
17754,2,0
17946,2,0
18030,2,3
18063,2,2
18435,2,0
18958,2,38
19170,2,0
1967,2,14
197,2,10
19869,2,24
19914,2,1
19962,2,2
19966,2,3
20088,2,33
20166,2,2
20499,2,3
21399,2,38
21570,2,1
22108,2,14
22282,2,2
22338,2,12
22344,2,5
2274,2,0
22938,2,1
23160,2,0
23571,2,1
23671,2,0
23692,2,43
23799,2,0
24018,2,1
24174,2,11
24198,2,4
24222,2,5
24264,2,1
24366,2,0
24378,2,1
24528,2,11
24615,2,1
24679,2,66
24867,2,0
25455,2,0
25839,2,2
25986,2,1
25995,2,0
26079,2,2
26290,2,12
26307,2,2
26427,2,6
26562,2,0
26622,2,4
26655,2,0
26667,2,0
26679,2,1
27195,2,4
27462,2,1
28026,2,0
28056,2,24
28086,2,0
28111,2,19
28113,2,0
28174,2,26
28810,2,2
28881,2,1
28887,2,5
29262,2,15
29271,2,32
29542,2,174
29631,2,0
29751,2,0
29775,2,0
300,2,3
30087,2,0
30174,2,3
3024,2,0
30378,2,1
30442,2,8
30444,2,6
30486,2,16
30513,2,22
30567,2,0
30574,2,2
30654,2,2
30915,2,0
30918,2,1
30927,2,0
30940,2,34
30951,2,0
31026,2,0
31275,2,1
31299,2,6
31344,2,0
31491,2,1
31683,2,6
31713,2,65
31938,2,0
32019,2,1
32340,2,10
32439,2,0
32484,2,5
32754,2,1
32782,2,3
3279,2,38
32869,2,1
33037,2,0
33133,2,0
33166,2,10
33172,2,0
33796,2,2
33982,2,21
34047,2,4
34078,2,2
34108,2,1
34270,2,25
3435,2,45
34774,2,1
34894,2,0
35134,2,3
35299,2,48
35700,2,4
35740,2,0
35788,2,0
35911,2,0
36046,2,12
36223,2,0
36379,2,56
3654,2,0
36565,2,1
36589,2,1
36844,2,0
36879,2,30
37060,2,8
37645,2,67
38095,2,2
38158,2,0
38182,2,0
38197,2,0
38341,2,2
38638,2,0
38695,2,5
38716,2,2
38758,2,6
38797,2,0
38830,2,1
38836,2,0
39133,2,1
39190,2,8
39412,2,12
39436,2,0
39709,2,0
39718,2,12
39783,2,8
39796,2,4
40173,2,4
40198,2,0
40207,2,2
40438,2,3
4044,2,3
40693,2,0
41158,2,1
41590,2,0
41655,2,669
41860,2,0
41869,2,1
41884,2,1
42004,2,0
42093,2,3
42301,2,7
42355,2,0
42391,2,0
42652,2,0
42829,2,8
42853,2,0
42883,2,6
43162,2,0
43429,2,1
43918,2,2
44580,2,1
44815,2,0
45190,2,0
45247,2,0
45268,2,0
46147,2,27
46708,2,43
46750,2,0
46933,2,0
46942,2,6
46948,2,2
47134,2,1
47151,2,27
47206,2,2
47230,2,0
47335,2,0
47340,2,2
47557,2,2
47605,2,1
47623,2,0
47662,2,4
48025,2,26
48262,2,37
48277,2,0
48352,2,19
48919,2,0
49540,2,1
49573,2,31
49612,2,1
49732,2,0
49885,2,0
50374,2,0
50389,2,0
50485,2,2
50887,2,91
51007,2,0
51262,2,1
51316,2,2
51346,2,4
5141,2,1
51412,2,0
5219,2,10
52372,2,0
52381,2,6
52564,2,6
52678,2,0
52711,2,0
5303,2,0
53110,2,0
53116,2,2
53140,2,0
53350,2,1
53446,2,2
535,2,12
53830,2,0
54388,2,11
54469,2,0
54511,2,0
54688,2,0
54717,2,25
54732,2,10
54790,2,0
54886,2,0
55159,2,1
5519,2,0
55303,2,11
55318,2,1
55591,2,1
55608,2,8
55750,2,3
55948,2,0
55957,2,0
55966,2,29
55981,2,0
56212,2,2
56647,2,0
56764,2,0
56806,2,0
56821,2,0
56845,2,0
57079,2,0
57268,2,0
57274,2,13
57316,2,5
57493,2,0
57886,2,0
57943,2,0
57997,2,0
58119,2,172
58366,2,2
58372,2,1
58399,2,0
58462,2,2
585,2,1
58552,2,43
58630,2,1
58959,2,19
59311,2,2
5949,2,25
59596,2,9
60096,2,2
60109,2,15
60133,2,0
60163,2,6
60364,2,0
60382,2,1
60391,2,5
60604,2,1
61102,2,0
61143,2,15
61285,2,65
61294,2,0
61390,2,0
61540,2,0
61558,2,0
61561,2,65
61695,2,4
62127,2,1
62431,2,24
62479,2,0
62502,2,2
62623,2,0
62940,2,0
62964,2,0
63408,2,11
63547,2,7
63589,2,0
63652,2,7
63670,2,0
63718,2,0
63922,2,15
64381,2,90
64477,2,0
64768,2,5
64948,2,0
65023,2,0
65236,2,0
65271,2,20
65476,2,0
65479,2,11
65494,2,3
65517,2,10
65551,2,5
65560,2,0
65567,2,8
65578,2,25
65593,2,1
65713,2,17
6572,2,0
66220,2,0
66811,2,0
67435,2,0
67936,2,1
68077,2,5
68377,2,4
68440,2,10
68795,2,15
69106,2,53
69115,2,0
6939,2,18
70012,2,0
70120,2,0
70444,2,0
70474,2,0
70490,2,7
70588,2,3
70600,2,0
70810,2,1
71005,2,0
71152,2,10
71275,2,0
71356,2,7
71389,2,0
71933,2,3
71947,2,2
72136,2,0
72667,2,0
727,2,3
72952,2,0
73342,2,0
73432,2,1
73531,2,0
73768,2,0
74215,2,39
74479,2,23
74794,2,5
75388,2,1
75706,2,4
75742,2,0
75871,2,2
75949,2,0
76231,2,10
76240,2,25
7716,2,0
77161,2,0
77290,2,2
77314,2,3
77360,2,0
77419,2,4
78286,2,0
78346,2,0
78349,2,0
78365,2,52
78472,2,1
78476,2,16
78541,2,0
78958,2,1
79018,2,0
79066,2,0
79132,2,2
79192,2,0
79531,2,1
79645,2,0
79996,2,3
80062,2,4
80078,2,2
80251,2,0
80528,2,39
80575,2,1
80611,2,21
80665,2,2
80701,2,0
81034,2,0
81145,2,0
81196,2,0
81229,2,0
81244,2,12
81343,2,15
81356,2,27
81358,2,0
81466,2,2
81520,2,4
82025,2,10
8207,2,0
82105,2,0
8230,2,28
82606,2,17
8267,2,0
82840,2,0
82846,2,2
82894,2,1
83405,2,2
83563,2,0
83671,2,16
8393,2,2
8426,2,11
84586,2,0
84634,2,1
8474,2,0
8477,2,0
84811,2,5
84923,2,50
84988,2,2
85177,2,0
85291,2,0
85339,2,0
85567,2,1
86122,2,2
86153,2,11
86218,2,1
86311,2,17
86377,2,0
86953,2,0
87064,2,0
87067,2,0
87082,2,2
87181,2,0
87277,2,3
88120,2,0
88432,2,1
88489,2,1
8879,2,0
88831,2,0
88888,2,0
88924,2,0
88969,2,0
89009,2,18
8903,2,0
89185,2,67
89257,2,0
8933,2,10
89362,2,3
90367,2,2
90545,2,19
90619,2,1
9089,2,0
90904,2,0
91007,2,0
91183,2,1
91226,2,27
91261,2,1
91291,2,1
91402,2,9
91804,2,0
92098,2,1
9215,2,1
92188,2,0
92314,2,0
92536,2,0
92542,2,1
92827,2,4
92873,2,15
93019,2,2
93115,2,0
93187,2,5
93808,2,8
93881,2,57
94046,2,6
94087,2,0
94156,2,68
94171,2,0
94193,2,69
9425,2,1
94366,2,5
94414,2,0
94666,2,2
9533,2,1
9551,2,11
95722,2,1
9574,2,1
9590,2,129
9595,2,1
96025,2,0
9611,2,0
96223,2,2
96283,2,6
96460,2,4
96526,2,0
96586,2,2
9659,2,0
9689,2,7
9754,2,5
97672,2,0
97819,2,14
97900,2,3
9827,2,0
99019,2,15
99049,2,0
99211,2,1
99376,2,3
99577,2,0
9964,2,10
99706,2,1
99802,2,14
99904,2,12
99920,2,0
100015,3,1
100060,3,0
100126,3,2
100267,3,8
100840,3,0
101615,3,159
101896,3,0
102094,3,0
102362,3,56
102476,3,31
102478,3,6
102811,3,0
102955,3,0
103184,3,6
103198,3,0
10325,3,11
103261,3,2
103267,3,32
103330,3,35
103390,3,10
103580,3,86
103675,3,0
103855,3,6
104536,3,2
104764,3,2
104776,3,2
104800,3,6
104848,3,4
104890,3,0
105301,3,27
105436,3,0
105613,3,0
105784,3,7
105802,3,0
105865,3,0
105932,3,12
106057,3,0
106249,3,1
106363,3,100
106634,3,15
106702,3,2
106714,3,0
107245,3,3
107446,3,0
107567,3,69
107578,3,8
107596,3,0
108124,3,1
108265,3,2
108475,3,1
108874,3,2
108958,3,18
109129,3,0
109213,3,2
10931,3,70
109336,3,0
109387,3,0
109390,3,0
10943,3,6
10949,3,0
109532,3,226
109771,3,11
10991,3,0
109945,3,5
11068,3,7
110680,3,0
110906,3,45
111017,3,10
11108,3,256
111401,3,39
111406,3,8
111931,3,0
111949,3,0
111964,3,1
112381,3,0
112540,3,1
11255,3,36
112729,3,0
113035,3,0
113161,3,0
113242,3,1
113275,3,0
113293,3,3
113308,3,0
113389,3,18
113404,3,0
113465,3,81
113881,3,1
113929,3,0
114172,3,0
114176,3,13
11447,3,2
114472,3,0
114538,3,2
114811,3,6
115207,3,15
11534,3,0
115453,3,0
116248,3,0
116314,3,4
116389,3,0
116749,3,4
116764,3,0
116809,3,1
116878,3,2
117691,3,9
117850,3,0
118234,3,0
118249,3,0
118750,3,5
118792,3,1
119041,3,167
119098,3,1
11921,3,61
119563,3,1
119596,3,0
11987,3,0
120088,3,2
120238,3,1
120271,3,2
120286,3,11
120307,3,89
120347,3,37
120397,3,0
120586,3,0
120607,3,0
120685,3,0
120697,3,8
121016,3,307
121033,3,18
12104,3,1
121081,3,9
121195,3,3
121232,3,44
121417,3,0
121450,3,60
121597,3,2
121630,3,1
122044,3,44
122173,3,1
12223,3,0
122476,3,0
122509,3,1
123017,3,16
123499,3,1
123571,3,0
123628,3,6
123871,3,2
123928,3,0
124111,3,9
124666,3,1
124837,3,10
12485,3,0
124906,3,1
125563,3,0
125581,3,2
125899,3,0
125935,3,3
126046,3,2
126058,3,0
126061,3,0
126175,3,1
12659,3,31
127018,3,7
127081,3,0
127162,3,0
127534,3,2
127693,3,0
127807,3,5
127870,3,0
128284,3,10
128749,3,3
12905,3,3
129257,3,16
12940,3,0
129499,3,0
13013,3,0
130168,3,1
130318,3,0
130330,3,1
130397,3,27
130408,3,24
13049,3,5
13064,3,9
130696,3,3
130699,3,6
130733,3,12
130780,3,11
13085,3,6
13112,3,10
131379,3,17
131448,3,2
131451,3,2
131676,3,0
131742,3,0
131835,3,3
131934,3,2
132051,3,5
132465,3,1
132539,3,11
132570,3,0
13282,3,93
132849,3,0
133659,3,0
133962,3,29
133980,3,63
134336,3,83
134391,3,0
134469,3,13
134676,3,0
135033,3,3
135072,3,8
135090,3,0
135153,3,0
135273,3,4
135477,3,0
135831,3,1
135921,3,0
135963,3,0
136017,3,4
136034,3,62
136668,3,8
136692,3,0
136722,3,7
136956,3,4
137136,3,0
137175,3,3
137244,3,2
137592,3,6
137649,3,53
138006,3,12
138576,3,2
138606,3,50
138645,3,0
138840,3,12
139614,3,36
139959,3,0
140181,3,0
140250,3,4
140438,3,11
140793,3,0
140862,3,8
141207,3,4
141369,3,1
141395,3,98
141885,3,4
14207,3,4
142104,3,3
142418,3,24
142422,3,0
142614,3,0
142680,3,0
142683,3,8
142782,3,12
142842,3,3
14291,3,0
143003,3,60
143196,3,6
14321,3,0
143514,3,0
143583,3,5
143867,3,0
14393,3,1
14399,3,2
144273,3,0
144420,3,2
144540,3,4
144561,3,12
14471,3,0
144954,3,0
145050,3,4
145137,3,1
145269,3,1
145284,3,0
145308,3,3
145968,3,1
146001,3,0
146043,3,4
146070,3,0
14663,3,0
146679,3,2
146967,3,14
147132,3,0
14714,3,0
147153,3,1
147185,3,156
147186,3,5
147255,3,1
147390,3,0
147420,3,245
147669,3,2
147699,3,4
147705,3,15
148053,3,0
148112,3,19
148119,3,1
148193,3,61
148272,3,5
148275,3,11
148569,3,10
148668,3,6
14920,3,22
149304,3,3
149340,3,1
149364,3,3
149598,3,0
14960,3,34
149712,3,0
149832,3,58
149943,3,0
149961,3,404
150003,3,4
150087,3,16
150126,3,51
150360,3,0
150453,3,0
150483,3,8
150516,3,0
150528,3,103
150585,3,6
150834,3,2
150905,3,7
151025,3,60
151251,3,0
151326,3,40
151374,3,20
151536,3,2
15170,3,28
151739,3,85
151776,3,79
15191,3,43
15200,3,0
152331,3,51
152439,3,0
15257,3,1
152772,3,60
152784,3,35
152949,3,3
153591,3,7
154002,3,15
154038,3,2
15413,3,0
154203,3,1
154641,3,14
154800,3,1
154815,3,7
154908,3,0
154911,3,0
155418,3,0
155478,3,0
155708,3,0
15584,3,8
156560,3,14
156561,3,1
156659,3,3
156660,3,6
156696,3,0
156702,3,0
157848,3,24
158171,3,16
158387,3,23
158388,3,0
159354,3,1
159483,3,2
160181,3,0
16043,3,9
160626,3,7
16109,3,0
161205,3,0
161238,3,5
161340,3,0
161378,3,453
161556,3,2
161685,3,0
161850,3,0
162006,3,0
162171,3,0
16235,3,1
16241,3,8
162744,3,2
162833,3,18
162840,3,1
162875,3,48
162900,3,1
162939,3,4
163074,3,20
163088,3,30
163290,3,2
164240,3,17
164286,3,0
16434,3,14
164346,3,0
164403,3,0
164406,3,1
164436,3,1
164484,3,10
164535,3,1
164631,3,5
164666,3,77
164703,3,0
165345,3,22
165969,3,0
165981,3,0
166068,3,1
166167,3,7
16632,3,47
166581,3,0
16659,3,14
166800,3,1
166875,3,0
166938,3,1
167001,3,3
167265,3,112
167289,3,0
167349,3,10
167376,3,11
167391,3,3
167715,3,317
167931,3,1
168348,3,12
16926,3,0
17199,3,1
17358,3,0
17392,3,11
17523,3,0
17574,3,0
17610,3,0
1765,3,5
17667,3,0
17731,3,7
17754,3,0
17946,3,2
18030,3,4
18063,3,1
18435,3,0
18958,3,154
19170,3,5
1967,3,67
197,3,0
19869,3,160
19914,3,0
19962,3,0
19966,3,2
20088,3,20
20166,3,5
20499,3,7
21399,3,0
21570,3,3
22108,3,48
22282,3,8
22338,3,0
22344,3,99
2274,3,0
22938,3,8
23160,3,2
23571,3,9
23671,3,5
23692,3,63
23799,3,0
24174,3,156
24183,3,0
24198,3,1
24222,3,1
24264,3,2
24366,3,0
24378,3,4
24528,3,6
24615,3,9
24679,3,58
24867,3,0
25455,3,0
25839,3,6
25986,3,0
25995,3,0
26079,3,0
26290,3,2
26307,3,0
26427,3,3
26562,3,1
26622,3,2
26655,3,10
26667,3,0
26679,3,0
27195,3,22
27462,3,0
28026,3,0
28056,3,19
28086,3,0
28111,3,39
28113,3,2
28174,3,37
28810,3,5
28881,3,36
28887,3,12
29262,3,48
29271,3,30
29542,3,120
29631,3,3
29751,3,0
29775,3,0
300,3,8
30087,3,0
30174,3,2
3024,3,0
30378,3,0
30442,3,58
30444,3,5
30486,3,22
30513,3,22
30567,3,0
30574,3,12
30654,3,1
30915,3,0
30918,3,4
30927,3,11
30940,3,30
30951,3,2
31275,3,0
31299,3,10
31344,3,12
31491,3,0
31683,3,11
31713,3,140
31938,3,1
32019,3,9
32439,3,3
32484,3,18
32715,3,0
32754,3,0
32782,3,1
3279,3,38
32869,3,0
33037,3,0
33133,3,0
33166,3,8
33172,3,1
33388,3,0
33796,3,3
33982,3,58
34047,3,15
34078,3,0
34108,3,1
34270,3,59
3435,3,333
34774,3,4
34894,3,2
35134,3,11
35299,3,60
35700,3,13
35740,3,0
35788,3,3
35911,3,3
36046,3,6
36223,3,0
36379,3,52
3654,3,17
36565,3,1
36589,3,0
36844,3,2
36879,3,21
37060,3,92
37645,3,18
38095,3,2
38158,3,6
38182,3,6
38197,3,3
38341,3,4
38581,3,0
38638,3,2
38695,3,1
38716,3,0
38758,3,4
38797,3,1
38830,3,2
38836,3,4
39133,3,4
39190,3,24
39412,3,10
39436,3,2
39709,3,0
39718,3,50
39783,3,14
39796,3,4
40173,3,6
40198,3,1
40207,3,1
40255,3,1
4044,3,0
40693,3,0
41158,3,1
41590,3,0
41655,3,80
41860,3,2
41869,3,0
41884,3,0
42004,3,0
42093,3,13
42301,3,90
42355,3,3
42391,3,0
42652,3,0
42829,3,29
42853,3,0
42883,3,4
43162,3,0
43429,3,2
43918,3,18
44580,3,35
44815,3,0
45190,3,24
45223,3,0
45247,3,0
45268,3,0
46147,3,106
46708,3,63
46750,3,0
46933,3,18
46942,3,7
46948,3,0
47134,3,0
47151,3,103
47206,3,8
47230,3,0
47335,3,3
47340,3,10
47557,3,10
47605,3,0
47623,3,0
47662,3,3
48025,3,63
48262,3,45
48277,3,1
48352,3,19
48919,3,3
49540,3,0
49573,3,7
49612,3,10
49732,3,4
49885,3,3
50374,3,6
50389,3,5
50470,3,0
50485,3,3
50887,3,191
51007,3,1
51262,3,2
51316,3,0
51346,3,10
5141,3,31
51412,3,5
5219,3,86
52372,3,6
52381,3,17
52564,3,5
52678,3,8
52711,3,0
5303,3,0
53110,3,4
53116,3,1
53140,3,0
53350,3,6
53446,3,5
535,3,10
53830,3,1
54388,3,14
54469,3,0
54511,3,1
54688,3,5
54717,3,23
54732,3,24
54781,3,1
54790,3,8
54886,3,0
55159,3,3
5519,3,34
55303,3,51
55318,3,0
55591,3,1
55608,3,26
55750,3,0
55957,3,0
55966,3,84
55981,3,0
55996,3,0
56212,3,9
56647,3,0
56764,3,6
56806,3,1
56821,3,4
56845,3,1
57079,3,0
57268,3,3
57271,3,1
57274,3,21
57316,3,5
57493,3,1
57886,3,14
57943,3,0
57997,3,0
58119,3,379
58372,3,0
58399,3,3
58444,3,5
58462,3,0
585,3,32
58552,3,128
58630,3,5
58959,3,119
59311,3,0
5949,3,57
59590,3,0
59596,3,12
59740,3,0
60061,3,0
60096,3,11
60109,3,19
60133,3,0
60163,3,38
60358,3,1
60364,3,2
60382,3,0
60391,3,1
60604,3,0
61102,3,1
61143,3,101
61285,3,66
61294,3,0
61390,3,1
61540,3,4
61561,3,171
61695,3,11
62127,3,15
62431,3,66
62479,3,2
62502,3,12
62623,3,2
62940,3,2
62964,3,40
63408,3,19
63547,3,29
63589,3,1
63652,3,5
63718,3,0
63922,3,27
64381,3,367
64477,3,0
64768,3,11
64948,3,1
65236,3,2
65271,3,95
65476,3,1
65479,3,5
65494,3,4
65517,3,13
65551,3,9
65560,3,0
65567,3,13
65578,3,69
65593,3,7
65713,3,22
6572,3,0
65836,3,3
66220,3,1
66811,3,6
67435,3,0
67936,3,3
68077,3,0
68377,3,12
68440,3,2
68795,3,32
69106,3,34
69115,3,0
6939,3,38
70120,3,0
70270,3,0
70474,3,0
70490,3,28
70588,3,0
70600,3,2
70810,3,0
71005,3,0
71152,3,27
71275,3,0
71356,3,10
71389,3,0
71933,3,35
71947,3,2
72136,3,5
72667,3,1
727,3,0
72952,3,0
73342,3,0
73432,3,0
73531,3,0
73768,3,0
74215,3,112
74479,3,11
74794,3,0
75388,3,3
75706,3,2
75742,3,3
75871,3,51
75949,3,0
76231,3,11
76240,3,25
77017,3,1
7716,3,23
77161,3,6
77290,3,1
77314,3,4
77360,3,0
77419,3,2
78286,3,0
78346,3,0
78349,3,0
78365,3,173
78476,3,53
78541,3,1
78958,3,0
79018,3,3
79066,3,0
79132,3,4
79192,3,7
79531,3,5
79645,3,5
79996,3,0
80062,3,8
80078,3,6
80251,3,0
80528,3,46
80575,3,0
80611,3,69
80665,3,4
80701,3,2
81034,3,0
81145,3,0
81196,3,0
81229,3,0
81244,3,4
81343,3,13
81356,3,27
81358,3,0
81466,3,3
81520,3,12
82025,3,13
8207,3,0
82105,3,3
8230,3,101
82606,3,33
8267,3,0
82840,3,0
82846,3,5
82894,3,3
83405,3,43
83563,3,0
83671,3,50
8393,3,5
8426,3,8
84586,3,1
84634,3,0
8474,3,2
84763,3,0
8477,3,3
84811,3,5
84923,3,91
84988,3,0
85177,3,0
85291,3,0
85339,3,3
85567,3,1
86122,3,1
86153,3,9
86218,3,3
86311,3,74
86377,3,7
86953,3,0
87064,3,1
87067,3,0
87082,3,0
87181,3,0
87277,3,23
88120,3,0
88432,3,0
88489,3,2
8879,3,1
88831,3,0
88888,3,1
88924,3,3
88969,3,1
89009,3,9
8903,3,2
89185,3,64
89257,3,2
8933,3,1
89362,3,29
90367,3,0
90545,3,14
90619,3,0
9089,3,0
90904,3,0
91007,3,4
91183,3,6
91226,3,57
91261,3,2
91291,3,0
91402,3,1
91804,3,2
92098,3,12
92137,3,0
9215,3,5
92188,3,29
92314,3,0
92536,3,0
92542,3,0
92827,3,9
92873,3,20
93019,3,5
93115,3,3
93187,3,7
93808,3,1
93881,3,29
94046,3,26
94087,3,0
94156,3,493
94171,3,2
94193,3,38
9425,3,0
94366,3,1
94414,3,0
94666,3,0
9533,3,0
9551,3,17
95722,3,4
9574,3,37
9590,3,106
9595,3,4
9611,3,0
96223,3,6
96283,3,0
96460,3,0
96526,3,0
96586,3,1
9659,3,0
9689,3,32
9754,3,22
97672,3,0
97819,3,45
97900,3,1
9827,3,4
99019,3,28
99049,3,0
99211,3,1
99376,3,24
99577,3,0
9964,3,0
99706,3,0
99802,3,0
99904,3,15
99920,3,0
100015,4,0
100060,4,0
100126,4,1
100267,4,0
100840,4,1
101615,4,28
101896,4,0
102094,4,4
102362,4,9
102476,4,21
102478,4,0
102811,4,1
102955,4,0
103184,4,24
103198,4,0
10325,4,3
103261,4,4
103267,4,101
103330,4,27
103390,4,0
103580,4,67
103675,4,5
103855,4,4
104536,4,1
104764,4,1
104776,4,1
104800,4,9
104848,4,3
104890,4,1
105301,4,49
105436,4,0
105562,4,1
105613,4,0
105784,4,3
105802,4,1
105865,4,3
105932,4,13
106057,4,1
106249,4,0
106363,4,0
106634,4,34
106702,4,1
106714,4,3
107245,4,14
107446,4,0
107567,4,32
107578,4,12
107596,4,1
108124,4,0
108265,4,0
108475,4,1
108874,4,6
108958,4,1
109129,4,12
109213,4,1
10931,4,100
109336,4,1
109387,4,0
109390,4,1
10943,4,0
10949,4,0
109532,4,4
109771,4,22
10991,4,1
109945,4,7
11068,4,103
110906,4,21
111017,4,3
11108,4,315
111401,4,27
111406,4,0
111931,4,1
111949,4,3
111964,4,1
112381,4,2
112540,4,4
11255,4,31
112600,4,2
112729,4,0
113035,4,1
113161,4,0
113242,4,5
113275,4,2
113293,4,0
113308,4,0
113389,4,15
113404,4,1
113465,4,77
113929,4,0
114172,4,3
114176,4,18
11447,4,0
114472,4,0
114538,4,1
114811,4,6
115207,4,15
11534,4,1
115453,4,12
116248,4,2
116314,4,3
116389,4,0
116749,4,8
116764,4,0
116809,4,2
116878,4,1
117691,4,2
117850,4,1
118234,4,1
118249,4,0
118750,4,1
118792,4,2
119041,4,63
119098,4,1
11921,4,0
119563,4,0
119596,4,1
11987,4,1
120088,4,5
120238,4,1
120271,4,0
120286,4,11
120307,4,87
120347,4,107
120397,4,0
120586,4,1
120607,4,1
120685,4,0
120697,4,3
121016,4,770
121033,4,31
12104,4,2
121081,4,20
121195,4,0
121232,4,53
121417,4,1
121450,4,148
121597,4,1
121630,4,4
122044,4,2
122173,4,3
12223,4,0
122476,4,2
122509,4,2
123017,4,57
123499,4,0
123571,4,0
123628,4,16
123871,4,6
123928,4,0
124111,4,9
124666,4,12
124837,4,27
12485,4,3
124906,4,2
125563,4,1
125581,4,1
125899,4,1
125935,4,1
126046,4,6
126058,4,4
126061,4,2
126175,4,0
12659,4,2
127018,4,8
127081,4,0
127162,4,1
127693,4,1
127807,4,0
127870,4,2
128284,4,0
128749,4,7
12905,4,5
129166,4,2
129257,4,0
12940,4,44
129499,4,0
13013,4,2
130168,4,0
130318,4,0
130330,4,0
13037,4,1
130397,4,2
130408,4,38
13049,4,2
13064,4,3
130696,4,1
130699,4,7
130733,4,7
130780,4,3
13085,4,2
13112,4,11
131379,4,16
131442,4,0
131448,4,5
131451,4,0
131676,4,1
131742,4,7
131835,4,0
131934,4,4
132051,4,1
132465,4,11
132539,4,0
132570,4,0
13282,4,14
132849,4,1
133659,4,1
133962,4,15
133980,4,31
134336,4,42
134391,4,2
134469,4,19
134676,4,2
135033,4,1
135072,4,2
135090,4,4
135153,4,1
135273,4,3
135477,4,0
135831,4,2
135921,4,21
135963,4,7
136017,4,1
136034,4,9
136668,4,3
136692,4,0
136722,4,2
136956,4,8
137136,4,10
137175,4,0
137244,4,0
137592,4,1
137622,4,1
137649,4,13
138006,4,4
138576,4,0
138606,4,76
138645,4,1
138840,4,1
139254,4,1
139614,4,13
139959,4,0
140181,4,4
140250,4,0
140438,4,10
140661,4,7
140793,4,5
140862,4,3
141207,4,0
141369,4,2
141395,4,66
141885,4,0
14207,4,6
142104,4,35
142418,4,19
142422,4,0
142614,4,0
142680,4,0
142683,4,7
142782,4,0
142842,4,4
14291,4,1
143003,4,171
143196,4,6
14321,4,0
143514,4,0
143583,4,3
143867,4,17
14393,4,3
14399,4,1
144273,4,0
144420,4,0
144540,4,0
144561,4,2
14471,4,8
144954,4,0
145050,4,8
145137,4,10
145269,4,2
145284,4,0
145308,4,3
145968,4,0
146001,4,0
146043,4,5
146070,4,2
14663,4,0
146679,4,0
146967,4,30
147132,4,1
14714,4,0
147153,4,2
147185,4,322
147186,4,12
147255,4,0
147390,4,1
147420,4,48
147669,4,20
147699,4,2
147705,4,0
148053,4,16
148112,4,9
148119,4,0
148193,4,28
148272,4,2
148275,4,0
148569,4,26
148668,4,6
14920,4,17
149304,4,4
149340,4,1
149364,4,0
149598,4,2
14960,4,1
149712,4,0
149832,4,115
149943,4,3
149961,4,600
150003,4,0
150087,4,7
150126,4,77
150360,4,0
150453,4,1
150483,4,2
150516,4,2
150528,4,200
150585,4,13
150834,4,5
150905,4,23
151025,4,44
151251,4,1
151326,4,28
151374,4,16
151536,4,10
15170,4,9
151739,4,65
151776,4,229
15191,4,17
15200,4,0
152331,4,11
15257,4,0
152772,4,24
152784,4,99
152787,4,0
152949,4,0
153591,4,0
154002,4,3
154038,4,0
15413,4,0
154203,4,1
154386,4,1
154641,4,19
154800,4,0
154815,4,1
154908,4,0
154911,4,1
155418,4,1
155478,4,0
155708,4,16
15584,4,16
156560,4,14
156561,4,1
156659,4,0
156660,4,3
156702,4,0
157848,4,10
158171,4,44
158387,4,6
158388,4,9
159354,4,0
159483,4,3
160181,4,0
16043,4,10
160626,4,7
16109,4,1
161205,4,0
161238,4,6
161340,4,4
161378,4,209
161556,4,3
161685,4,2
161850,4,1
162006,4,0
162171,4,5
16235,4,2
16241,4,4
162744,4,3
162833,4,23
162840,4,0
162875,4,37
162900,4,11
162939,4,7
163074,4,5
163088,4,4
163290,4,1
164240,4,16
164286,4,0
16434,4,1
164346,4,0
164403,4,2
164406,4,1
164436,4,1
164484,4,22
164535,4,1
164631,4,12
164666,4,86
164703,4,6
165345,4,9
165969,4,5
165981,4,3
166068,4,0
166167,4,0
16632,4,26
166581,4,0
16659,4,7
166800,4,0
166875,4,0
166938,4,2
167001,4,10
167265,4,141
167289,4,0
167349,4,0
167376,4,9
167391,4,1
167715,4,67
167931,4,0
168348,4,10
16926,4,1
17199,4,0
17358,4,0
17392,4,12
17523,4,0
17574,4,1
17610,4,0
1765,4,6
17667,4,1
17731,4,10
17754,4,5
17946,4,0
18030,4,1
18063,4,0
18435,4,0
18958,4,251
19170,4,2
1967,4,0
197,4,9
19869,4,30
19914,4,1
19962,4,1
19966,4,12
20088,4,19
20166,4,5
20499,4,0
21399,4,39
21570,4,1
22108,4,35
22282,4,103
22338,4,8
22344,4,68
2274,4,1
22938,4,7
23160,4,1
23571,4,1
23671,4,90
23692,4,99
23799,4,1
24174,4,216
24183,4,1
24198,4,5
24222,4,3
24264,4,4
24366,4,2
24378,4,1
24528,4,3
24615,4,1
24679,4,49
24867,4,1
25455,4,0
25839,4,0
25986,4,1
25995,4,0
26079,4,2
26115,4,2
26290,4,13
26307,4,0
26427,4,0
26562,4,4
26622,4,10
26655,4,7
26667,4,0
26679,4,7
27195,4,96
27462,4,3
28026,4,0
28056,4,26
28086,4,4
28111,4,17
28113,4,54
28174,4,36
28810,4,35
28881,4,16
28887,4,24
29271,4,103
29542,4,239
29751,4,2
29775,4,0
300,4,4
30087,4,1
30174,4,28
3024,4,4
30378,4,0
30442,4,7
30444,4,2
30486,4,40
30513,4,24
30567,4,0
30574,4,24
30654,4,0
30915,4,1
30918,4,7
30927,4,8
30940,4,37
30951,4,1
31026,4,1
31275,4,1
31299,4,12
31344,4,5
31491,4,1
31683,4,19
31713,4,118
32019,4,1
32340,4,0
32439,4,0
32484,4,58
32715,4,1
32754,4,16
32782,4,5
3279,4,36
32869,4,3
33037,4,0
33133,4,0
33166,4,6
33172,4,6
33388,4,0
33796,4,12
33982,4,24
34047,4,33
34078,4,3
34108,4,0
34270,4,28
3435,4,200
34774,4,0
34894,4,0
35134,4,1
35299,4,120
35700,4,249
35740,4,0
35788,4,0
35911,4,0
36046,4,14
36223,4,0
36379,4,442
3654,4,0
36565,4,0
36589,4,0
36844,4,2
36879,4,20
37060,4,78
37645,4,62
38095,4,0
38158,4,3
38182,4,3
38197,4,1
38341,4,13
38581,4,0
38638,4,0
38647,4,1
38695,4,0
38716,4,0
38758,4,0
38797,4,1
38830,4,3
38836,4,2
39133,4,12
39190,4,28
39412,4,0
39436,4,8
39709,4,1
39718,4,52
39783,4,7
39796,4,0
40173,4,11
40198,4,0
40207,4,10
40438,4,1
4044,4,0
40693,4,2
41158,4,3
41590,4,0
41655,4,321
41860,4,4
41869,4,6
41884,4,1
42004,4,0
42093,4,71
42301,4,59
42355,4,0
42391,4,3
42652,4,2
42829,4,78
42853,4,2
42883,4,59
43162,4,0
43429,4,4
43918,4,4
44580,4,30
44815,4,1
45190,4,27
45223,4,9
45247,4,0
45268,4,1
46147,4,41
46708,4,10
46750,4,2
46933,4,6
46942,4,4
46948,4,0
47134,4,2
47151,4,39
47206,4,22
47230,4,0
47335,4,6
47340,4,8
47557,4,7
47605,4,0
47623,4,0
47662,4,5
48025,4,27
48262,4,176
48277,4,7
48352,4,23
48919,4,1
49540,4,14
49573,4,38
49612,4,0
49885,4,23
50374,4,6
50389,4,9
50470,4,0
50485,4,2
50887,4,96
51007,4,1
51262,4,2
51316,4,2
51346,4,0
5141,4,68
51412,4,1
5219,4,32
52372,4,0
52381,4,51
52564,4,5
52645,4,1
52678,4,1
52711,4,0
5303,4,0
53110,4,1
53116,4,3
53140,4,1
53350,4,0
53446,4,13
535,4,8
53830,4,1
54388,4,45
54469,4,1
54511,4,2
54661,4,1
54688,4,4
54717,4,63
54732,4,21
54781,4,0
54790,4,4
54886,4,0
55159,4,8
5519,4,0
55303,4,26
55318,4,0
55591,4,4
55608,4,32
55750,4,0
55948,4,1
55957,4,0
55966,4,40
55981,4,2
56212,4,4
56647,4,3
56764,4,0
56797,4,1
56806,4,0
56821,4,0
56845,4,1
57079,4,4
57268,4,1
57271,4,1
57274,4,0
57316,4,6
57493,4,1
57886,4,4
57943,4,1
57997,4,0
58119,4,124
58372,4,1
58399,4,5
58444,4,3
58462,4,1
585,4,4
58552,4,17
58630,4,4
58959,4,70
59311,4,0
5949,4,28
59548,4,1
59590,4,1
59596,4,22
59740,4,1
60061,4,0
60096,4,19
60109,4,5
60133,4,5
60163,4,11
60358,4,0
60364,4,1
60382,4,1
60391,4,0
60604,4,6
61102,4,1
61143,4,23
61285,4,94
61294,4,4
61390,4,5
61540,4,0
61558,4,1
61561,4,166
61695,4,7
62127,4,8
62431,4,58
62479,4,0
62502,4,28
62623,4,2
62940,4,0
62964,4,55
63408,4,26
63547,4,19
63589,4,2
63652,4,4
63670,4,2
63718,4,2
63922,4,15
64381,4,301
64477,4,2
64768,4,7
64948,4,0
65023,4,1
65236,4,2
65271,4,106
65476,4,6
65479,4,1
65494,4,0
65517,4,23
65551,4,12
65560,4,2
65567,4,8
65578,4,38
65593,4,0
65713,4,41
6572,4,1
65836,4,0
66220,4,3
66811,4,0
67435,4,0
67936,4,7
68077,4,5
68377,4,10
68440,4,0
68795,4,35
69106,4,32
69115,4,0
6939,4,12
70012,4,0
70120,4,0
70270,4,1
70444,4,1
70474,4,1
70490,4,74
70522,4,2
70588,4,10
70600,4,1
70810,4,0
71005,4,1
71152,4,11
71275,4,8
71356,4,3
71449,4,6
71933,4,43
71947,4,3
72136,4,9
72667,4,5
727,4,0
73342,4,0
73432,4,3
73531,4,3
73768,4,1
74215,4,297
74479,4,29
74794,4,0
75388,4,5
75706,4,1
75742,4,3
75871,4,55
75949,4,1
76231,4,6
76240,4,53
7716,4,39
77161,4,22
77290,4,5
77314,4,25
77360,4,12
77419,4,2
78286,4,1
78346,4,56
78349,4,1
78365,4,240
78472,4,0
78476,4,108
78541,4,9
78958,4,4
79018,4,0
79066,4,4
79132,4,8
79192,4,28
79276,4,1
79531,4,9
79645,4,0
79996,4,1
80062,4,10
80078,4,15
80251,4,2
80528,4,41
80575,4,0
80611,4,41
80665,4,2
80701,4,0
81034,4,2
81145,4,0
81196,4,0
81229,4,2
81244,4,17
81343,4,29
81356,4,44
81358,4,0
81466,4,7
81520,4,28
82025,4,54
8207,4,0
82105,4,0
8230,4,93
82606,4,14
8267,4,1
82840,4,2
82846,4,8
82894,4,0
83405,4,13
83563,4,2
83671,4,160
8393,4,2
8426,4,22
84556,4,0
84586,4,1
84634,4,9
8474,4,0
84763,4,1
8477,4,0
84811,4,4
84923,4,35
84988,4,2
85177,4,1
85291,4,2
85339,4,1
85567,4,20
85852,4,1
86122,4,4
86153,4,42
86218,4,0
86311,4,8
86377,4,3
86953,4,0
87064,4,1
87067,4,0
87082,4,0
87181,4,2
87277,4,39
88120,4,2
88432,4,0
88489,4,0
8879,4,2
88831,4,2
88888,4,1
88924,4,0
88969,4,1
89009,4,17
8903,4,1
89185,4,136
89257,4,0
8933,4,4
89362,4,18
90367,4,0
90545,4,84
90619,4,0
9089,4,0
90904,4,4
91007,4,21
91183,4,46
91226,4,83
91261,4,7
91291,4,1
91402,4,1
91405,4,1
91804,4,0
92098,4,13
92137,4,1
9215,4,19
92188,4,10
92314,4,3
92536,4,3
92542,4,5
92827,4,2
92873,4,41
93019,4,5
93115,4,0
93187,4,16
93808,4,0
93881,4,32
94046,4,12
94087,4,0
94156,4,625
94171,4,0
94193,4,58
9425,4,2
94366,4,4
94414,4,0
94666,4,2
9533,4,1
9551,4,17
95722,4,0
9574,4,29
9590,4,140
9595,4,4
96025,4,1
9611,4,1
96223,4,31
96283,4,8
96460,4,14
96526,4,0
96586,4,3
9659,4,0
96688,4,4
9689,4,39
9754,4,0
97672,4,17
97819,4,46
97900,4,20
9827,4,0
99019,4,39
99049,4,3
99376,4,28
99577,4,5
9964,4,0
99706,4,0
99802,4,3
99904,4,20
99920,4,0
100015,5,0
100126,5,4
100267,5,3
100840,5,0
101615,5,8
101896,5,0
102094,5,3
102362,5,2
102476,5,29
102478,5,5
102811,5,0
102955,5,0
103184,5,0
103198,5,1
10325,5,2
103261,5,4
103267,5,49
103330,5,105
103390,5,6
103580,5,42
103675,5,0
103855,5,1
104536,5,0
104764,5,1
104776,5,0
104800,5,4
104848,5,0
104890,5,0
105301,5,8
105436,5,0
105562,5,0
105613,5,0
105784,5,3
105802,5,0
105865,5,1
105932,5,12
106057,5,1
106249,5,0
106363,5,56
106634,5,14
106702,5,2
106714,5,34
107245,5,0
107446,5,0
107567,5,2
107578,5,30
107596,5,0
108124,5,1
108265,5,1
108475,5,0
108874,5,0
108958,5,0
109129,5,1
109213,5,1
10931,5,34
109336,5,0
109387,5,3
109390,5,0
10943,5,0
10949,5,0
109532,5,6
109771,5,0
10991,5,0
109945,5,4
110617,5,1
11068,5,60
110680,5,0
110906,5,10
111017,5,14
11108,5,213
111401,5,15
111406,5,3
111931,5,1
111949,5,0
111964,5,0
112381,5,1
112540,5,0
11255,5,28
112729,5,2
113035,5,0
113161,5,0
113242,5,0
113275,5,0
113293,5,0
113308,5,0
113389,5,6
113404,5,0
113465,5,117
113929,5,0
114172,5,2
114176,5,6
11447,5,0
114472,5,0
114538,5,0
114811,5,3
115207,5,18
11534,5,0
115453,5,1
116248,5,0
116314,5,0
116389,5,0
116749,5,1
116764,5,0
116809,5,3
116878,5,0
117691,5,2
117850,5,1
118249,5,1
118750,5,1
118792,5,0
119041,5,9
119098,5,0
11921,5,9
119563,5,2
119596,5,0
11987,5,0
120088,5,3
120238,5,5
120271,5,1
120286,5,6
120307,5,76
120347,5,49
120397,5,0
120586,5,0
120607,5,0
120685,5,1
120697,5,0
121016,5,370
121033,5,5
12104,5,0
121081,5,9
121195,5,0
121232,5,161
121417,5,3
121450,5,333
121597,5,1
121630,5,3
122044,5,1
122173,5,0
12223,5,0
122476,5,0
122488,5,1
122509,5,2
123017,5,41
123166,5,1
123499,5,2
123571,5,107
123628,5,5
123871,5,1
123928,5,6
124111,5,8
124666,5,0
124837,5,10
12485,5,4
124906,5,0
125563,5,0
125581,5,0
125935,5,2
126046,5,3
126058,5,0
126061,5,0
126175,5,0
12659,5,4
127018,5,14
127081,5,1
127162,5,0
127693,5,1
127807,5,0
127870,5,0
128284,5,5
128749,5,1
12905,5,12
129166,5,1
129257,5,0
12940,5,0
129499,5,0
13013,5,2
130168,5,1
130318,5,1
130330,5,0
13037,5,0
130397,5,11
130408,5,32
13049,5,0
13064,5,8
130696,5,1
130699,5,1
130733,5,19
130780,5,0
13085,5,5
13112,5,3
131379,5,3
131448,5,2
131451,5,0
131676,5,2
131742,5,0
131835,5,0
132051,5,1
132465,5,0
132539,5,2
132570,5,0
13282,5,0
132849,5,3
133659,5,0
133962,5,11
133980,5,25
134336,5,43
134469,5,20
134676,5,0
135033,5,10
135072,5,20
135090,5,0
135153,5,0
135273,5,13
135477,5,0
135831,5,0
135921,5,2
135963,5,0
136017,5,0
136034,5,3
136668,5,0
136692,5,1
136722,5,0
136956,5,4
137136,5,0
137175,5,3
137244,5,6
137592,5,1
137622,5,0
137649,5,16
138006,5,6
138576,5,1
138606,5,9
138645,5,0
138840,5,0
139614,5,2
139959,5,0
140250,5,0
140438,5,23
140661,5,1
140793,5,0
140862,5,0
141207,5,0
141369,5,6
141395,5,17
141885,5,5
14207,5,6
142104,5,4
142418,5,11
142422,5,0
142614,5,0
142680,5,0
142683,5,3
142782,5,0
142842,5,0
14291,5,0
143003,5,108
143196,5,3
14321,5,0
143514,5,0
143583,5,17
143867,5,0
14393,5,1
14399,5,1
144273,5,0
144420,5,5
144540,5,0
144561,5,0
14471,5,1
144954,5,1
145050,5,1
145137,5,0
145269,5,0
145284,5,0
145308,5,0
145968,5,0
146001,5,1
146043,5,1
146070,5,0
14663,5,4
146679,5,1
146967,5,24
147132,5,0
14714,5,0
147153,5,0
147185,5,265
147186,5,3
147255,5,0
147390,5,2
147420,5,20
147669,5,0
147699,5,0
147705,5,1
148053,5,4
148112,5,1
148119,5,1
148193,5,47
148272,5,1
148275,5,7
148569,5,0
148668,5,0
14920,5,10
149304,5,4
149340,5,0
149364,5,0
149598,5,0
14960,5,0
149712,5,2
149832,5,125
149943,5,0
149961,5,172
150003,5,1
150087,5,2
150126,5,17
150360,5,0
150453,5,0
150483,5,6
150516,5,0
150528,5,40
150585,5,4
150834,5,1
150905,5,25
151025,5,42
151251,5,1
151326,5,31
151374,5,11
151536,5,1
15170,5,2
151739,5,95
151776,5,129
15191,5,19
15200,5,0
152331,5,2
152439,5,1
15257,5,2
152772,5,33
152784,5,18
152949,5,0
153591,5,0
154002,5,0
154038,5,0
15413,5,1
154203,5,1
154386,5,1
154641,5,49
154815,5,3
154908,5,0
154911,5,0
155418,5,0
155478,5,1
155708,5,18
15584,5,4
156560,5,11
156561,5,0
156659,5,30
156660,5,2
156696,5,1
157848,5,0
158171,5,16
158387,5,21
158388,5,7
159354,5,2
159483,5,1
160181,5,0
16043,5,10
160626,5,3
16109,5,0
161205,5,1
161238,5,19
161340,5,3
161378,5,216
161556,5,2
161685,5,3
161850,5,2
162006,5,0
16235,5,0
16241,5,1
162744,5,1
162833,5,15
162840,5,0
162875,5,37
162900,5,2
162939,5,2
163074,5,1
163088,5,9
163290,5,0
164240,5,5
164286,5,11
16434,5,0
164346,5,0
164403,5,1
164406,5,0
164436,5,4
164484,5,27
164535,5,0
164631,5,2
164666,5,46
164703,5,2
165345,5,19
165969,5,3
165981,5,5
166068,5,1
166167,5,2
16632,5,18
166581,5,0
16659,5,0
166800,5,1
166875,5,0
166938,5,2
167001,5,2
167265,5,2
167289,5,0
167349,5,0
167376,5,3
167391,5,0
167715,5,65
167931,5,0
168348,5,8
16926,5,0
17358,5,0
17392,5,11
17523,5,0
17574,5,0
17610,5,2
1765,5,10
17667,5,1
17731,5,8
17754,5,0
17946,5,1
18030,5,1
18063,5,0
18435,5,0
18958,5,79
19170,5,3
1967,5,0
197,5,17
19869,5,36
19914,5,0
19962,5,3
19966,5,9
20088,5,41
20166,5,7
20499,5,0
21399,5,0
21570,5,1
22108,5,83
22282,5,18
22338,5,11
22344,5,65
2274,5,3
22938,5,1
23160,5,4
23571,5,2
23671,5,3
23692,5,19
23799,5,0
24018,5,1
24174,5,459
24183,5,1
24198,5,0
24222,5,0
24264,5,0
24366,5,1
24378,5,2
24528,5,7
24615,5,20
24679,5,121
24867,5,0
25455,5,0
25839,5,5
25986,5,1
25995,5,0
26079,5,1
26115,5,0
26290,5,0
26307,5,0
26427,5,1
26562,5,0
26622,5,1
26655,5,2
26667,5,0
26679,5,0
27195,5,21
27462,5,0
28026,5,0
28056,5,20
28086,5,12
28111,5,6
28113,5,13
28174,5,9
28810,5,13
28881,5,2
28887,5,9
29262,5,21
29271,5,27
29542,5,290
29751,5,0
29775,5,1
300,5,6
30087,5,0
30174,5,9
3024,5,0
30378,5,1
30442,5,7
30444,5,1
30486,5,176
30513,5,20
30567,5,0
30574,5,5
30654,5,0
30915,5,0
30918,5,4
30927,5,11
30940,5,40
30951,5,1
31275,5,0
31299,5,14
31344,5,9
31491,5,0
31683,5,5
31713,5,99
32019,5,1
32340,5,0
32439,5,2
32484,5,57
32715,5,0
32754,5,4
32782,5,3
3279,5,68
32869,5,0
33037,5,0
33133,5,0
33166,5,11
33172,5,1
33388,5,1
33796,5,0
33982,5,17
34047,5,11
34078,5,6
34108,5,2
34270,5,8
3435,5,218
34774,5,3
34894,5,1
35134,5,4
35299,5,18
35700,5,20
35740,5,0
35788,5,2
35911,5,1
36046,5,20
36223,5,0
36379,5,29
3654,5,7
36565,5,7
36589,5,2
36844,5,0
36879,5,23
37060,5,31
37645,5,20
38095,5,2
38158,5,4
38182,5,5
38197,5,0
38341,5,9
38581,5,2
38695,5,0
38716,5,1
38758,5,0
38797,5,1
38830,5,1
38836,5,5
39133,5,1
39190,5,9
39412,5,0
39436,5,1
39709,5,0
39718,5,21
39783,5,32
39796,5,1
40173,5,15
40198,5,0
40207,5,4
40255,5,0
40438,5,0
4044,5,0
40693,5,0
41158,5,0
41590,5,27
41655,5,354
41860,5,0
41869,5,2
41884,5,0
42004,5,2
42093,5,4
42301,5,11
42355,5,0
42391,5,3
42652,5,0
42829,5,45
42853,5,0
42883,5,6
43162,5,0
43429,5,0
43918,5,11
44580,5,28
44815,5,0
45190,5,84
45247,5,0
45268,5,1
46147,5,29
46708,5,16
46750,5,0
46933,5,2
46942,5,1
46948,5,1
47134,5,0
47151,5,43
47206,5,12
47230,5,1
47335,5,4
47340,5,14
47557,5,4
47605,5,4
47623,5,0
47662,5,11
48025,5,22
48262,5,52
48277,5,0
48352,5,45
48919,5,0
49540,5,0
49573,5,31
49612,5,0
49885,5,0
50374,5,10
50389,5,9
50470,5,1
50485,5,1
50887,5,30
51262,5,4
51316,5,0
51346,5,3
5141,5,30
5219,5,13
52372,5,0
52381,5,12
52564,5,0
52678,5,3
52711,5,0
5303,5,0
53110,5,1
53116,5,0
53140,5,0
53350,5,0
53446,5,9
535,5,1
53830,5,1
54388,5,29
54469,5,0
54511,5,1
54688,5,4
54717,5,23
54732,5,48
54781,5,6
54790,5,0
54886,5,0
55159,5,5
5519,5,0
55303,5,59
55591,5,8
55608,5,61
55750,5,0
55948,5,0
55957,5,0
55966,5,75
55981,5,1
55996,5,1
56212,5,4
56647,5,0
56764,5,0
56806,5,0
56821,5,0
56845,5,0
57079,5,0
57268,5,2
57271,5,0
57274,5,22
57316,5,4
57493,5,1
57886,5,9
57943,5,0
57997,5,0
58119,5,60
58366,5,0
58372,5,1
58399,5,0
58444,5,0
58462,5,0
585,5,1
58552,5,1
58630,5,0
58959,5,58
59311,5,3
5949,5,11
59548,5,0
59590,5,1
59596,5,1
59740,5,1
60061,5,0
60096,5,6
60109,5,12
60133,5,0
60163,5,7
60358,5,0
60364,5,0
60382,5,0
60391,5,3
60604,5,3
61102,5,0
61143,5,5
61285,5,47
61294,5,0
61390,5,0
61540,5,2
61558,5,1
61561,5,142
61695,5,13
62127,5,0
62431,5,21
62479,5,1
62502,5,7
62623,5,1
62940,5,5
62964,5,63
63408,5,15
63547,5,38
63589,5,0
63652,5,3
63718,5,0
63922,5,8
64381,5,418
64477,5,1
64768,5,3
65023,5,0
65236,5,0
65271,5,58
65476,5,1
65479,5,6
65494,5,0
65517,5,18
65551,5,27
65560,5,0
65567,5,10
65578,5,21
65593,5,0
65713,5,23
6572,5,3
66220,5,2
66811,5,0
67435,5,0
67936,5,3
68077,5,5
68377,5,8
68440,5,16
68795,5,59
69106,5,44
69115,5,11
6939,5,20
70012,5,0
70120,5,1
70270,5,0
70444,5,0
70490,5,35
70588,5,7
70600,5,2
70810,5,2
71005,5,11
71152,5,3
71275,5,0
71356,5,3
71389,5,1
71449,5,2
71933,5,5
71947,5,3
72136,5,22
727,5,0
72952,5,0
73342,5,0
73432,5,0
73531,5,1
73768,5,0
74215,5,79
74479,5,7
74794,5,0
75388,5,0
75706,5,0
75742,5,2
75871,5,11
75949,5,0
76231,5,0
76240,5,19
7716,5,7
77161,5,7
77290,5,0
77314,5,18
77360,5,0
77419,5,6
78286,5,1
78346,5,28
78349,5,0
78365,5,311
78472,5,0
78476,5,46
78541,5,10
78958,5,0
79018,5,3
79066,5,0
79132,5,6
79192,5,10
79531,5,2
79645,5,0
79996,5,0
80062,5,6
80078,5,8
80251,5,0
80528,5,27
80575,5,0
80611,5,77
80665,5,0
80701,5,0
81034,5,1
81145,5,0
81196,5,0
81229,5,0
81244,5,12
81343,5,18
81356,5,7
81358,5,0
81466,5,3
81520,5,13
82025,5,9
8207,5,0
82105,5,0
8230,5,81
82606,5,4
8267,5,0
82840,5,0
82846,5,3
82894,5,1
83405,5,9
83563,5,0
83671,5,37
8393,5,9
8426,5,3
84586,5,0
84634,5,1
8474,5,2
8477,5,4
84811,5,0
84923,5,92
84988,5,0
85177,5,1
85291,5,1
85339,5,5
85567,5,1
86122,5,3
86153,5,2
86218,5,0
86311,5,0
86377,5,8
86953,5,0
87064,5,0
87067,5,0
87082,5,0
87181,5,0
87277,5,6
88120,5,10
88432,5,0
88489,5,0
8879,5,0
88831,5,0
88888,5,1
88924,5,0
88969,5,0
89009,5,19
8903,5,1
89185,5,142
89257,5,3
8933,5,6
89362,5,2
90367,5,0
90545,5,206
90619,5,0
9089,5,1
90904,5,0
91007,5,39
91183,5,2
91226,5,61
91261,5,0
91291,5,0
91402,5,1
91405,5,0
91804,5,3
92098,5,9
92137,5,0
9215,5,25
92188,5,2
92314,5,0
92536,5,3
92542,5,0
92827,5,3
92873,5,65
93019,5,0
93115,5,0
93187,5,18
93808,5,0
93881,5,13
94046,5,14
94087,5,0
94156,5,67
94171,5,0
94193,5,70
9425,5,0
94366,5,2
94414,5,0
94666,5,1
9533,5,5
9551,5,11
95722,5,0
9574,5,140
9590,5,60
9595,5,6
96025,5,0
9611,5,0
96223,5,0
96283,5,3
96460,5,4
96526,5,3
96586,5,2
9659,5,0
9689,5,39
9707,5,2
9754,5,10
97672,5,39
97819,5,51
97900,5,7
9827,5,1
99019,5,28
99049,5,0
99211,5,0
99376,5,24
99577,5,0
9964,5,0
99706,5,2
99802,5,0
99904,5,16
99920,5,8
